Ind,State,DISTRICT,STATION,Turbidity,pH,Color,DO,BOD,TDS,Hardness,Cl,No3,So4,Coliform,As,F
0,TELANGANA,KARIMNAGAR,Mancherial,4.41727272727273,7.46363636363636,,6.15454545454546,1.4,342.909090909091,181.189454545455,28.2272727272727,0,27.9363636363636,3494.72727272727,4.55876666666667,0.744545454545454
1,MAHARASHTRA,AKOLA,GOPALKHEDA,3,8.18333333333333,,7,1.58,544.5,109.829333333333,78.8333333333333,0.054,11.8666666666667,1950,,0.148333333333333
2,TAMILNADU,ERODE,URACHIKOTTAI,,7.957,,7.29,2.49,218.9,125.0924,27,,13.471,,2.29,0.2811
3,UTTARAKHAND,CHAMPAWAT,GHAT,,8.37916666666667,,7.18916666666667,0.639166666666667,176.166666666667,145.55525,13.3716666666667,0.2139,16.36,,,0.159916666666667
4,"""UTTAR PRADESH""",MORADABAD,"""Gagan Moradabad""",5.06666666666667,7.94166666666667,,4.48583333333333,12.365,245.916666666667,282.092833333333,21.9804166666667,1.06835,17.76,,,0.425916666666667
5,ASSAM,CACHAR,Monierkhal,,,,,,,,,,,,,
6,TAMILNADU,THIRUVARUR,Menangudi,,8.07,,,1.44,171.333333333333,96.3752333333333,56.72,,17.1866666666667,,0.007,0.273333333333333
7,ODISHA,KENDUJHAR,Anandapur,,7.75083333333333,,7.1625,0.796666666666667,,52.3888833333333,17.9666666666667,0.002509090909091,16.975,,,0.05
8,"""UTTAR PRADESH""",BUDAUN,Kachhlabridge,4.63333333333333,8.11333333333333,,6.2875,1.56666666666667,144.416666666667,161.44525,13.845,0.30245,13.76,,,0.359416666666667
9,"""UTTAR PRADESH""","""JYOTIBA PHULE NAGAR""",Garhmukteshwar,4.29166666666667,8.1125,,6.7475,1.34166666666667,173.083333333333,182.671916666667,14.28875,0.27025,10.76,,,0.277083333333333
10,"""UTTAR PRADESH""",PRATAPGARH,PRATAPGARH,,,,,,,,,,,,,
11,"""ARUNACHAL PRADESH""",LOHIT,Tezu,,7.225,,,,89.25,81.1905875,7.625,,1.195,,,
12,ASSAM,MARIGAON,Jagibhakatgaon,,,,,,,,,,,,,
13,CHHATTISGARH,RAIPUR,RAJIM,,8.03,,7.36666666666667,0.5,,42.79305,12.6666666666667,,,,,
14,KARNATAKA,CHAMRAJNAGAR,KUDLUR,,,,,,,,,,,,,
15,KERALA,PATHANAMTHITTA,THUMPAMON,,6.81666666666667,,5.9,0.711666666666667,39.1666666666667,20.2222333333333,8.7,0.012666666666667,0.966666666666667,1460,2.92,0.181566666666667
16,"""ARUNACHAL PRADESH""","""UPPER SIANG""",Tuting,,8.075,,8.35,,80.5,73.041675,2.25,,,,,
17,CHHATTISGARH,DURG,Kotni,,,,,,,,,,,,,
18,CHHATTISGARH,DURG,"""Andhiyar Khore""",,8.18454545454545,,6.90909090909091,0.618181818181818,,194.906090909091,24.9090909090909,,,,,
19,"""UTTAR PRADESH""",DEORIA,Turtipar,,8.36083333333333,,7.29,1.01666666666667,197,158.118916666667,15.3241666666667,0.21735,16.72,,,0.1805
20,"""UTTAR PRADESH""",MAINPURI,Bewar,,,,,,,,,,,,,
21,UTTARAKHAND,CHAMOLI,"""KARNPRAYAG CONFLUENCE D/S""",,,,,,,,,,,,,
22,"""UTTAR PRADESH""","""AMBEDKAR NAGAR""",AKBARPUR,,,,,,,,,,,,,
23,ASSAM,CACHAR,Annapurnaghat,,6.85090909090909,,,,71.5454545454545,76.6113454545455,12.9090909090909,,1.22090909090909,,,
24,MAHARASHTRA,PUNE,Phulgaon,,7.3,,,1.9,,80.3363,8.51,0.00394737,14.2,54000,,0.326
25,CHHATTISGARH,JANJGIRCHAMPA,Bamnidhi,,8.2275,,6.96666666666667,1.43333333333333,,99.7950833333333,23.25,,,,,
26,TAMILNADU,RAMANATHAPURAM,PARAMAKUDI,,,,,,,,,,,,,
27,"""MADHYA PRADESH""",NARSIMHAPUR,Gadarwara,82.1,8.09272727272727,,6.51818181818182,0.881818181818182,188.090909090909,158.227245454545,9.28181818181818,0.034727272727273,7.29454545454545,,,0.220636363636364
28,"""MADHYA PRADESH""",MORENA,Dholpur,,8.395,,,,,167.414083333333,41.3279166666667,0.04715,44.16,,,0.37525
29,ODISHA,NABARANGAPUR,Nowrangpur,15.706,7.78,,6.9,0.89,96.2,62.175,3.01,0,9.01,5862,1.1695,0.103
30,MAHARASHTRA,NASHIK,CHANWADA,6.2,8.06,,7.8,1.898,369.2,113.6234,94.2,0.07,12.36,1400,,0.16
31,GUJARAT,AMRELI,Lowara,16.4,8.366,,9.2,2.74,3790.8,724.3322,1569.2,0.104,54.238,271004,,0.762
32,GUJARAT,"""BANAS KANTHA""",Chitrasani,11.75,8.4675,,10.125,2.725,448.5,220.29575,93.5,0.015,15,271040,,0.8175
33,ASSAM,KAMRUP,"""Puthimari NH Rd Xing""",10.505,7.255,,,,135,129,13,0,1.205,,,
34,UTTARAKHAND,CHAMPAWAT,PANCHESHWAR,,,,,,,,,,,,,
35,ASSAM,KAMRUP,KULSI,6.7775,6.5575,,2.5,,25.5,68.79375,11.25,0,1.17,,,
36,JHARKHAND,HAZARIBAGH,Hendegir,,,,,,,164.300666666667,18.4466666666667,,19.52,,,
37,"""WEST BENGAL""",BARDDHAMAN,"""KALNA (flow)""",,,,,,,184.284090909091,16.6533333333333,,12.6225,,,
38,MAHARASHTRA,PARBHANI,G.R.BRIDGE,,,,,,,,,,,,,
39,UTTARAKHAND,CHAMOLI,"""Karnprayag U/S""",,,,,,,,,,,,,
40,"""UTTAR PRADESH""",PRAYAGRAJ,ALLAHABAD,0.475,8.085,,7.24666666666667,3.10833333333333,228.75,173.972916666667,59.3333333333333,0,40,6558.33333333333,1,0.461166666666667
41,BIHAR,BUXAR,Buxar,,8.22636363636364,,6.46227272727273,2.25381818181818,273.318181818182,185.357136363636,35.3454545454545,,5.5,,,
42,MAHARASHTRA,NAGPUR,Satrapur/K.R.Bridge,3.45833333333333,7.98833333333333,,7.43333333333333,1.85833333333333,,231.441583333333,29.7541666666667,0.008675,22.31,33402.5,4.77823333333333,0.568416666666667
43,MAHARASHTRA,SATARA,Karad,,7.2,,6.3,1.75,,64.4935,8.24,0.001973685,11.95,49000,2.31,0.3075
44,"""ARUNACHAL PRADESH""","""EAST SIANG""",Passighat,,7.6275,,,,75,69.28125,5.5,,1.175,,,
45,"""UTTAR PRADESH""",RAMPUR,Rampur,,,,,,,,,,,,,
46,"""UTTAR PRADESH""",GORAKHPUR,Birdghat,,8.23,,6.81416666666667,1.22333333333333,239.666666666667,166.656333333333,17.04,0.2852,19.28,,,0.186833333333333
47,"""UTTAR PRADESH""",MEERUT,Galeta,,7.74166666666667,,0.953333333333333,85.4333333333333,693.333333333333,335.168833333333,117.974166666667,,88.1833333333333,,,0.615833333333333
48,"""MADHYA PRADESH""",BURHANPUR,BURHANPUR,3.08333333333333,8.1325,,6.84,1.8125,352.833333333333,110.226416666667,76.8333333333333,0.056666666666667,11.1833333333333,4000,,0.163333333333333
49,ASSAM,LAKHIMPUR,"""Ranganadi NT Road crossing""",,7.5825,,8.2,,91,77.956325,5.0625,,1.2375,,,
50,ODISHA,BALANGIR,Kesinga,,8.35666666666667,,7.54166666666667,0.566666666666667,,102.279925,15.3333333333333,,,,,
51,CHHATTISGARH,JANJGIRCHAMPA,Seorinarayan,,,,,,,,,,,,,
52,"""UTTAR PRADESH""",FATEHPUR,Koraold,,8.1725,,,,,89.779855,16.95125,0.02415,20.88,,,0.3135
53,ASSAM,CACHAR,Fulertal,,6.95181818181818,,,,70.0909090909091,76.3235454545455,13,,1.20090909090909,,,
54,RAJASTHAN,DUNGARPUR,Paderdibadi,13.4166666666667,8.3175,,8.31666666666667,2.04166666666667,314.833333333333,189.582666666667,40.1666666666667,0.025833333333333,11.51,178005.285714286,,0.729166666666667
55,"""ANDHRA PRADESH""",Y.S.R.,Singavaram,,,,,,,,,,,,,
56,BIHAR,DARBHANGA,Ekmighat,,8.86666666666667,,,2.37208333333333,207.416666666667,190.410416666667,28.75,,6,,,
57,"""UTTAR PRADESH""",HARDOI,Ankinghat,7.69166666666667,8.26833333333333,,6.09333333333333,4.04818181818182,217.5,244.337916666667,20.3533333333333,0.35305,16.84,,,0.392666666666667
58,ASSAM,DIBRUGARH,Dibrugarh,,7.5,,,,82.5,81.7156125,4.4375,,1.16,,,
59,"""UTTAR PRADESH""","""RAE BARELI""",Bhitaura,7.025,8.1325,,5.38833333333333,4.07363636363636,220.333333333333,233.268166666667,22.63125,0.3611,15.88,,,0.335666666666667
60,MEGHALAYA,"""JAINTIA HILLS""",kharkhana,,3.83181818181818,,,,98,69.1924545454546,17.9090909090909,,1.2,,,
61,UTTARAKHAND,HARDWAR,"""ROORKEE D/S""",,,,,,,,,,,,,
62,ASSAM,TINSUKIA,Margherita,,7.6,,,,67,67.5359,2.16666666666667,,1.41,,,
63,ASSAM,SIVASAGAR,Bihubar,,7.69375,,,,92.125,86.840475,5.8125,,1.195,,,
64,BIHAR,GAYA,Gaya,,8.1275,,,,137.5,131.3686625,20.5,,13.85,,,
65,"""MADHYA PRADESH""",BARWANI,Pati,14.2625,8.24125,,6.7,0.7,267.25,184.239625,16.075,0.036875,22.4875,,,0.27125
66,KARNATAKA,UDUPI,YENNEHOLE,,6.5725,,,,,11.05625,4.4375,0,1.716,,0.98,0.1425
67,JHARKHAND,"""PURBI SINGHBHUM""",Ghatsila,,7.55166666666667,,6.63583333333333,0.961666666666667,,89.4028083333333,27.4083333333333,0.02415,33.275,,,0.05
68,TELANGANA,KHAMMAM,Bhadrachalam,,,,,,,,,,,,,
69,TAMILNADU,VIRUDUNAGAR,IRRUKKANKUDI,,,,,,,,,,,,,
70,MAHARASHTRA,SATARA,Warunji,,6.9,,5.7,0.85,,44.298,5.21,0.005921045,17,275500,,0.2925
71,TAMILNADU,VILUPPURAM,Villupuram,,,,,,,,,,,,,
72,TAMILNADU,THENI,THENI,,7.60375,,7.2875,1.6,205,76.7323875,15.77625,,5.5475,,2.91,0.24525
73,"""UTTAR PRADESH""",JAUNPUR,MAIGHAT,,8.155,,7.62166666666667,2.72833333333333,181.083333333333,162.430583333333,42.6666666666667,0,28.5,2375,16,0.4325
74,"""MADHYA PRADESH""",DHAR,Dhulsar,17.85,8.4005,,6.41666666666667,1.01666666666667,271.833333333333,186.497166666667,20.2333333333333,0.061666666666667,30.9883333333333,,,0.266
75,UTTARAKHAND,UTTARKASHI,Uttarkashi,,7.90083333333333,,8.08333333333333,1.1175,104.273333333333,57.1666666666667,9.08333333333333,0.033925,19,,,0.26
76,"""UTTAR PRADESH""",HAMIRPUR,MOHANA,,8.45,,,,,139.552333333333,21.3,0.0368,6.72,,,0.297666666666667
77,DELHI,"""NORTH WEST""",Palla,,7.6775,,7.625,4.74083333333333,298.833333333333,175.516666666667,52.95,,62.7083333333333,,,0.38
78,TAMILNADU,VELLORE,Arcot,,,,,,,,,,,,,
79,MAHARASHTRA,PARBHANI,Zari,,,,,,,,,,,,,
80,"""UTTAR PRADESH""",PRAYAGRAJ,"""MEJA ROAD""",,8.14916666666667,,7.30333333333333,2.79333333333333,146.75,159.302666666667,19.3333333333333,0.006083333333333,14.0833333333333,1075,8,0.4225
81,MAHARASHTRA,YAVATMAL,"""P.G. Bridge""",4.41666666666667,8.365,,7.31666666666667,2.25,,224.55675,26.3091666666667,0.00785,12.535,21995.8333333333,3.20116666666667,0.462583333333333
82,TAMILNADU,SALEM,THEVUR,,8.04,,,,,256.42725,57.9625,,46.5625,,,0.72075
83,RAJASTHAN,CHITTAURGARH,Chittorgarh,,,,,,,,,,,,,
84,ASSAM,TINSUKIA,Dholabazar,,7.7,,,,186.5,179.48325,12,,1.28,,,
85,UTTARAKHAND,DEHRADUN,"""HARIDWAR U/S""",,,,,,,,,,,,,
86,MAHARASHTRA,BULDANA,YERLI,,,,,,,,,,,,,
87,ODISHA,ANUGUL,Talcher,,7.73333333333333,,7.7275,0.348333333333333,,51.354175,12.5416666666667,0.001254545454545,10.9916666666667,,,0.05
88,TELANGANA,NALGONDA,Halia,3.422,8.1,,6.08888888888889,0.8,537.2,209.9667,79.87,1E-05,56.47,1605,,0.98
89,"""MADHYA PRADESH""",GUNA,"""A.B.Road Xing""",,,,,,,,,,,,,
90,TELANGANA,KHAMMAM,Sangam,26.76,7.98,,6.25,0.75,268,160.80007,22.9,0,39.88,6736,4.7173,0.836
91,"""UTTAR PRADESH""",SULTANPUR,SULTANPUR,,8.31166666666667,,7.54,2.93666666666667,204.666666666667,181.696416666667,27.25,0,24.25,3125,2,0.376833333333333
92,"""UTTAR PRADESH""",LUCKNOW,"""Lucknow (Hanuman Setu)""",4.1,8.12833333333333,,3.51,11.8166666666667,263.333333333333,242.210833333333,21.5070833333333,0.368,16.24,,,0.353083333333333
93,TELANGANA,KHAMMAM,Madhira,,,,,,,,,,,,,
94,"""MADHYA PRADESH""",BALAGHAT,Kumhari,4.225,7.9775,,6.74166666666667,2.20833333333333,,159.637416666667,8.6025,0.004608333333333,8.35166666666667,7537.66666666667,3.9317,0.36735
95,TRIPURA,"""SOUTH TRIPURA""","""NUTANBAZAR GD SITE""",,,,,,,,,,,,,
96,ASSAM,LAKHIMPUR,Badatighat,,7.51,,,,98.5,79.89045,7.0625,,1.1825,,,
97,UTTARAKHAND,GARHWAL,"""SATPULI U/S""",,,,,,,,,,,,,
98,BIHAR,SAHARSA,Baltara,,7.65333333333333,,,1.961,152.416666666667,198.238083333333,18.7575,,13.1666666666667,,,
99,TAMILNADU,THIRUVARUR,Annavasal,,7.78,,,1.46,106,79.5333,25.52,,8.94,,,0.34
100,CHHATTISGARH,BILASPUR,Ghatora,,7.89555555555556,,6.51111111111111,4.68888888888889,,165.447222222222,34.6666666666667,,,,,
101,"""ARUNACHAL PRADESH""","""WEST SIANG""","""Kabu basti (Kambang)""",,,,,,,,,,,,,
102,ODISHA,GAJAPATI,Kashinagar,,7.75833333333333,,,,,55.0694333333333,18.75,0.0023,22.1833333333333,,,0.05
103,BIHAR,"""PURBA CHAMPARAN""",Dumariaghat,,,,,,,,,,,,,
104,TRIPURA,"""NORTH TRIPURA""","""KUMARGHAT GD SITE""",,,,,,,,,,,,,
105,ASSAM,HAILAKANDI,MATIJURI,,6.94916666666667,,,,91.1666666666667,82.7736416666667,13.4166666666667,,1.20166666666667,,,
106,"""UTTAR PRADESH""",MATHURA,"""Mathura (Gokul Barrage)""",,,,,,,,,,,,,
107,UTTARAKHAND,RUDRAPRAYAG,"""AUGUSTMUNI D/S""",,,,,,,,,,,,,
108,JHARKHAND,DUMKA,Maharo,,8.03333333333333,,,,,120.615,17.8683333333333,,2.24,,,
109,ASSAM,DIBRUGARH,"""Chenimari (Khowang)""",,7.35,,8.7,,59,92.6458,6.8125,,1.2575,,,
110,TELANGANA,MAHBUBNAGAR,"""K. Agraharam""",,,,,,,,,,,,,
111,ODISHA,RAYAGADA,Gunupur,,,,,,,,,,,,,
112,KARNATAKA,"""DAKSHINA KANNADA""",BANTWAL,,7.018,,6.364,1.074,,19.315,5.467,0.00552,2.2848,,2.48,0.1824
113,ASSAM,SIVASAGAR,Nanglamoraghat,,7.42875,,,,73.75,90.0457125,9.25,,1.2425,,,
114,UTTARAKHAND,HARDWAR,Haridwar,,,,,,,,,,,,,
115,KERALA,ERNAKULAM,RAMAMANGALAM,,6.95666666666667,,6.35,0.456666666666667,38.3333333333333,20.0277833333333,8.51666666666667,0.030166666666667,0.9,1460,2.975,0.207166666666667
116,ASSAM,BAKSA,Suklai,32.65,6.915,,,,131.5,116.1085,12,0,1.13,,,
117,"""MADHYA PRADESH""",RATLAM,Tal,,,,,,,,,,,,,
118,TAMILNADU,CUDDALORE,Kudalaiyathur,,8.16,,,2.235,248.5,120.37485,76.57,,40.065,,3.61,0.42
119,"""UTTAR PRADESH""",MATHURA,"""Mathura (Prayag ghat)""",,7.68125,,4.66416666666667,27.9422222222222,631.625,274.189388888889,148.393333333333,,87.2375,,,0.522916666666667
120,MAHARASHTRA,AHMADNAGAR,Pachegaon,,,,,,,,,,,,,
121,"""ANDHRA PRADESH""","""EAST GODAVARI""",Polavaram,9.35916666666667,8.00833333333333,,6.53333333333333,1.19166666666667,165.5,97.3541583333333,10.7083333333333,0,14.8583333333333,7288.66666666667,1.73033333333333,0.236666666666667
122,"""WEST BENGAL""",PURULIYA,Muri,,7.96666666666667,,7.34666666666667,1.17666666666667,,105.673558333333,29.6416666666667,0.0092,40.75,,,0.05
123,KERALA,THRISSUR,ARANGALI,,6.92,,6.38333333333333,0.55,31.1666666666667,17.8889,7.48333333333333,0.037833333333333,0.716666666666667,930,3.575,0.177166666666667
124,ODISHA,BAUDA,Kantamal,,8.26583333333333,,7.53333333333333,0.575,,91.8264166666667,15.5833333333333,,,,,
125,"""WEST BENGAL""",MURSHIDABAD,FARAKKA(HR),,,,,,,208.561166666667,16.4158333333333,,6.88,,,
126,"""UTTAR PRADESH""",ETAWAH,Etawah,,8.17333333333333,,,0,,257.883,142.956111111111,0.18216,60.4266666666667,,,0.466666666666667
127,RAJASTHAN,"""SAWAI MADHOPUR""",Baranwada,,,,,,,,,,,,,
128,CHHATTISGARH,JANJGIRCHAMPA,Basantpur,,8.01333333333333,,6.5,0.833333333333333,,128.750058333333,22.4166666666667,,,,,
129,"""UTTAR PRADESH""",AGRA,AGRA(POIYAGHAT),,8.025,,,,,279.257291666667,170.237291666667,1.05846,66.98,,,0.443333333333333
130,"""MADHYA PRADESH""",JABALPUR,Patan,81.3416666666667,7.94,,5.74166666666667,1.40833333333333,257.916666666667,195.393633333333,18.5583333333333,0.050666666666667,10.28,,,0.393416666666667
131,DELHI,NORTH,"""Delhi Railway Bridge""",,7.495,,3.84566666666667,34.4875,631.25,286.691444444444,151.941388888889,,99.1333333333333,,,0.597777777777778
132,TRIPURA,"""WEST TRIPURA""",Sonamura,,,,,,,,,,,,,
133,TAMILNADU,THIRUVARUR,Peralam,,8,,,1.26,94.5,64.9208,25.52,,6.435,,1.23,0.24
134,BIHAR,PATNA,"""Patna Gandhighat""",,8.15416666666667,,,2.69491666666667,238.666666666667,199.014583333333,31.25,,11.25,,,
135,RAJASTHAN,KOTA,Barod,,,,,,,,,,,,,
136,"""UTTAR PRADESH""",BALRAMPUR,Balrampur,,8.28083333333333,,6.74833333333333,0.979166666666667,240.583333333333,163.72925,16.7145833333333,0.22425,16.544,,,0.172583333333333
137,"""UTTAR PRADESH""",BANDA,BANDA,,8.2725,,,,,150.92825,21.03375,0.0483,8.88,,,0.32775
138,"""MADHYA PRADESH""","""WEST NIMAR""",kogaon,27.0166666666667,8.39666666666667,,6.38333333333333,1.06666666666667,280.166666666667,198.933166666667,16.45,0.030666666666667,28.4466666666667,,,0.2005
139,MAHARASHTRA,GARHCHIROLI,Wairagarh,,,,,,,,,,,,,
140,KARNATAKA,YADGIR,Yadgir,3.904,8.22,,6.56,1.64,394.8,193.2502,48.36,0.00016,71.28,1296,5.98,0.594
141,BIHAR,PATNA,Sripalpur,,8.46,,,,227,169.140333333333,21.4,,,,,
142,KERALA,PALAKKAD,MANKARA,,7.175,,4.91666666666667,1.45,135.833333333333,73.30555,16.8666666666667,0.101333333333333,3.23333333333333,1380,4,1.49666666666667
143,ODISHA,ANUGUL,Tikarpara,,7.928,,7.029,0.459,,64.125,19.4,0,18.18,,,0.05
144,MAHARASHTRA,WARDHA,Nandgaon,1.47,8.27,,6.54,1.49,,222.1433,22.649,0.010881818181818,17.24,34000,2.82905,0.33173
145,ASSAM,GOLAGHAT,Numaligarh,,7.58625,,,,81.375,94.1562,7.375,,1.225,,,
146,UTTARAKHAND,"""TEHRI GARHWAL""","""KIRTINAGAR U/S""",,,,,,,,,,,,,
147,ASSAM,BARPETA,"""Beki Road bridge""",1.96666666666667,7.99333333333333,,,0.866666666666667,84.4666666666667,160.125,3.05,,22.5,,,
148,"""UTTAR PRADESH""",AGRA,Agra(J.B.),,,,,,,,,,,,,
149,TAMILNADU,ERODE,THENGUMARAHADA,,7.445,,6.94166666666667,0.933333333333333,81.5,57.652775,23.085,,3.835,,2.29,0.069666666666667
150,JHARKHAND,SARAIKELAKHARSAWAN,Adityapur,,7.75416666666667,,6.57083333333333,0.6475,,132.451408333333,27.3166666666667,0.00575,34.8,,,0.05
151,TAMILNADU,THENI,"""VAIGAI DAM""",,,,,,,,,,,,,
152,"""ANDHRA PRADESH""",ANANTAPUR,Tadipatri,,8.22,,,1.43,89,46.1,19.85,,7.5,,,0.29
153,BIHAR,LAKHISARAI,Lakhisarai,,8.24516666666667,,,,184.5,139.751166666667,19.4,,10,,,
154,ASSAM,BAKSA,Matunga,,,,,,,,,,,,,
155,TRIPURA,"""WEST TRIPURA""",HAORA,,,,,,,,,,,,,
156,ASSAM,CACHAR,"""AP Ghat""",,6.84,,,,72.9166666666667,75.6027583333333,12.6666666666667,,1.21833333333333,,,
157,TRIPURA,"""SOUTH TRIPURA""",Belonia,,,,,,,,,,,,,
158,RAJASTHAN,KOTA,Khatoli,,,,,,,,,,,,,
159,MAHARASHTRA,NANDED,Degloor,,,,,,,,,,,,,
160,BIHAR,PURNIA,Azamabad,,8.36333333333333,,,,226.666666666667,156.3265,24.5,,8,,,
161,"""ANDHRA PRADESH""",Y.S.R.,Alladupalli,,7.55666666666667,,5.78666666666667,2.23083333333333,466.583333333333,164.243083333333,159.530833333333,,100.416666666667,,1.95,0.828833333333333
162,ASSAM,HAILAKANDI,Matizuri,,6.94916666666667,,,,91.1666666666667,82.7736416666667,13.4166666666667,,1.20166666666667,,,
163,TAMILNADU,KANCHEEPURAM,Chengalpet,,7.6975,,,1.0175,289,131.583,98.14,,14.1,,,0.3315
164,MAHARASHTRA,PARBHANI,Dhalegaon,,,,,,,,,,,,,
165,"""MADHYA PRADESH""",SATNA,"""Satna (PannaKhajuraho Bridge)""",,,,,,,,,,,,,
166,"""WEST BENGAL""",BARDDHAMAN,"""KALNA (EBB)""",,,,,,,183.275,15.3233333333333,,16.6,,,
167,MAHARASHTRA,NANDED,Nanded,,,,,,,,,,,,,
168,ASSAM,CACHAR,TULARGRAM,2.55,6.87,,,,73,64.5,11.5,,1.16,,,
169,ODISHA,JAJAPUR,Jenapur,,7.65833333333333,,7.11583333333333,0.448333333333333,,55.1944333333333,12.8833333333333,0.00805,9.8,,,0.05
170,"""ANDHRA PRADESH""",GUNTUR,Vijayawada,2.72,8.35,,6.75,1.2,378.5,147.79175,42.175,0,28.75,1325.5,,0.58
171,MAHARASHTRA,NANDURBAR,SARANGKHEDA,2.5,8.025,,9.4,1.35,301.25,112.65,68,0.05,11.55,1600,,0.135
172,"""ANDHRA PRADESH""",SRIKAKULAM,Srikakulam,,,,,,,,,,,,,
173,"""WEST BENGAL""",BARDDHAMAN,KATWA,,,,,,,174.4055,16.4483333333333,,13.92,,,
174,JHARKHAND,PALAMU,"""Mohammad Ganj""",,,,,,,,,,,,,
175,UTTARAKHAND,DEHRADUN,"""RISHIKESH U/S""",,,,,,,,,,,,,
176,TAMILNADU,KRISHNAGIRI,GUMMANUR,,8.035,,7.65,3.375,690.5,322.086833333333,178.099166666667,0.01,27.3266666666667,,2.435,0.515416666666667
177,ASSAM,CACHAR,GUMRA,,6.75166666666667,,,,42.75,55.545875,12.0833333333333,,1.20833333333333,,,
178,MAHARASHTRA,THANE,Badlapur,,7.16666666666667,,4.94,1.04166666666667,,59.2113333333333,11.6258333333333,0.013859108333333,11.8583333333333,47709.0909090909,2.86823333333333,0.285083333333333
179,"""UTTAR PRADESH""",BAREILLY,Bareilly,5.76666666666667,7.885,,5.3825,4.36083333333333,312.083333333333,320.401166666667,23.4004166666667,0.3381,22.24,,,0.443333333333333
180,PONDICHERRY,KARAIKAL,Nallathur,,8.115,,,1.55,495,156.4165,171.575,,35.295,,2.78,0.84
181,ASSAM,JORHAT,Neamatighat,,7.49875,,,,86.75,82.7498625,6.6875,,1.1975,,,
182,TAMILNADU,ERODE,SAVANDAPUR,,7.6925,,6.45833333333333,1.625,148.9,117.4277,26.5958333333333,,14.7175,,5.98,0.207083333333333
183,"""MADHYA PRADESH""",NARSIMHAPUR,Belkhedi,48.425,8.04166666666667,,6.525,0.808333333333333,244.5,201.405583333333,9.4,0.03275,8.25666666666667,,,0.210916666666667
184,TAMILNADU,DHARMAPURI,HOGENAKKAL,,,,,,,,,,,,,
185,GUJARAT,SURAT,MAHUWA,2.33333333333333,7.76666666666667,,7.3,1.45,327.166666666667,113.0501,83.6666666666667,0.0675,13.4,3000,,0.133333333333333
186,"""UTTAR PRADESH""",AURAIYA,Auraiya,,8.25666666666667,,,,,186.083916666667,69.4320833333333,0.20815,39.56,,,0.530416666666667
187,TAMILNADU,KANCHEEPURAM,Magaral,,,,,,,,,,,,,
188,"""MADHYA PRADESH""","""WEST NIMAR""",Mortakka,,,,,,,,,,,,,
189,"""UTTAR PRADESH""",KAUSHAMBI,PRATAPPUR,,8.37083333333333,,,1.46666666666667,,209.524520833333,57.3372916666667,0.1058,35.6025,0,,0.347833333333333
190,TAMILNADU,COIMBATORE,NELLITHURAI,,7.5975,,7.93333333333333,0.716666666666667,17.2,25.1763775,5.90833333333334,,2.22916666666667,,5.625,0.071133333333333
191,KERALA,MALAPPURAM,PULAMANTHOLE,,6.795,,6.55,0.718333333333333,40,23.19445,8.75,0.0145,0.933333333333333,1320,3.56,0.154666666666667
192,BIHAR,DARBHANGA,Hayaghat,,7.9975,,,1.92108333333333,217.333333333333,192.9035,25.1666666666667,,8.46666666666667,,,
193,MAHARASHTRA,CHANDRAPUR,Ashti,5.45,8.35833333333333,,6.54166666666667,1.85833333333333,,142.519475,20.09,0.0054,25.2616666666667,17090,3.79856666666667,0.425666666666667
194,"""MADHYA PRADESH""",UJJAIN,Ujjain,,,,,,,,,,,,,
195,"""UTTAR PRADESH""","""SIDDHARTH NAGAR""",Chandradeepghat,4.1,8.12833333333333,,3.51,11.8166666666667,263.333333333333,242.210833333333,21.5070833333333,0.368,16.24,,,0.353083333333333
196,"""UTTAR PRADESH""",SONBHADRA,DUDHHI,1.14166666666667,8.24833333333333,,7.43666666666667,2.86166666666667,130.5,131.790166666667,27.5,0,21.5833333333333,1000,13,0.383833333333333
197,ASSAM,BAKSA,DRF,11.275,7.235,,,,104,105.36685,13,0,1.16,,,
198,RAJASTHAN,JHALAWAR,Aklera,,,,,,,,,,,,,
199,JHARKHAND,SIMDEGA,Tilga,,7.572,,7.506,0.278,,31.23334,12.22,0.12144,12.96,,,0.05
200,KERALA,THIRUVANANTHAPURAM,AYILAM,,6.70166666666667,,5.985,1.22166666666667,40.1666666666667,18.8888833333333,11.1833333333333,0.019166666666667,0.85,1460,2.385,0.182483333333333
201,"""ARUNACHAL PRADESH""",CHANGLANG,Miao,,7.825,,,,82.5,74.9145125,4.5,,1.2375,,,
202,KERALA,IDUKKI,VANDIPERIYAR,,6.91166666666667,,5.31666666666667,1.12,70.3333333333333,34.5486166666667,12.4333333333333,0.024833333333333,0.883333333333333,1600,4.93,0.256833333333333
203,"""HIMACHAL PRADESH""",SIRMAUR,Paonta,,7.56833333333333,,6.62,1.23833333333333,183.5,137.009833333333,10.41,,42.8,,,0.241666666666667
204,"""UTTAR PRADESH""",AYODHYA,Ayodhya,,8.3675,,6.7625,1.14416666666667,181.75,156.616833333333,14.0225,0.22195,17.72,,,0.177333333333333
205,"""UTTAR PRADESH""",JAUNPUR,"""Jaunpur (MG Marg Bridge)""",,,,,,,,,,,,,
206,TELANGANA,WARANGAL,Perur,8.08181818181818,7.88181818181818,,6.58181818181818,1.09090909090909,218.181818181818,127.409118181818,14.6476363636364,0,22.2645454545455,2215.63636363636,2.3968,0.367272727272727
207,"""UTTAR PRADESH""",MIRZAPUR,MIRZAPUR,0.325,8.36166666666667,,7.525,3.02083333333333,227.666666666667,167.033166666667,53.3333333333333,0,38,5608.33333333333,2.5,0.488833333333333
208,ASSAM,KOKRAJHAR,Kokrajhar,1.73333333333333,7.89,,,0.9,65.9666666666667,136.217,2.85666666666667,,18.5,,,
209,ASSAM,BONGAIGAON,"""Manas N H Crossing""",2.6,8.05333333333333,,,1.06666666666667,204.833333333333,160.375,3.52333333333333,,20.5,,,
210,TELANGANA,MAHBUBNAGAR,Bawapuram,2.52375,8.4,,6.4375,1.1875,558.125,167.60425,94.4,0,72.5625,2832.5,8.19,0.5975
211,"""ARUNACHAL PRADESH""","""LOWER SUBANSIRI""",Yazali,,,,,,,,,,,,,
212,"""MADHYA PRADESH""",HARDA,Handia,110.916666666667,8.2425,,6.78333333333333,1.025,151.916666666667,124.670033333333,8.63333333333333,0.033583333333333,8.23333333333333,,,0.21025
213,MAHARASHTRA,GARHCHIROLI,Tekra,6.45,8.16333333333333,,6.31666666666667,5.175,,202.970666666667,21.59875,0.009891666666667,16.5783333333333,2475,3.63603333333333,0.493166666666667
214,UTTARAKHAND,GARHWAL,"""KIRTINAGAR D/S""",,,,,,,,,,,,,
215,TAMILNADU,THIRUVARUR,Thengudi,,7.7775,,5.26275,2.00375,261.25,106.3782125,86.83,,20.58875,,0.44,0.36625
216,KERALA,MALAPPURAM,KUNIYIL,,6.65166666666667,,6.40166666666667,0.673333333333333,55.3333333333333,27.1944333333333,8.26666666666667,0.044,1.25,1600,5.545,0.161666666666667
217,"""WEST BENGAL""",MURSHIDABAD,BERHAMPORE,,,,,,,193.924916666667,15.7375,,17.72,,,
218,"""UTTAR PRADESH""","""SIDDHARTH NAGAR""",Bansi,,,,,,,,,,,,,
219,ASSAM,KARIMGANJ,FAKIRABAZAR,,6.85333333333333,,,,66.0833333333333,66.2888666666667,13.1666666666667,,1.21583333333333,,,
220,"""ANDHRA PRADESH""","""SRI POTTI SRIRAMULU NELLORE""","""Nellore CWC""",,7.70333333333333,,,1.92777777777778,386,144.648,127.703333333333,,62.6377777777778,,3.1,0.681777777777778
221,ASSAM,SIVASAGAR,Desangpani,,7.30375,,,,79.125,80.0344125,8.5625,,1.2075,,,
222,"""MADHYA PRADESH""",SEHORE,Hoshangabad,76.175,8.11416666666667,,6.73333333333333,0.716666666666667,144.916666666667,119.898608333333,7.85833333333333,0.036333333333333,5.67333333333333,,,0.198833333333333
223,TRIPURA,"""WEST TRIPURA""",GAJARAIA,,,,,,,,,,,,,
224,"""UTTAR PRADESH""",FARRUKHABAD,Dabri,7.75833333333333,8.105,,5.21,4.02416666666667,274.75,304.09275,23.3116666666667,1.081,23.24,,,0.424333333333333
225,"""UTTAR PRADESH""",BASTI,Basti,,8.11416666666667,,6.24,2.2225,273.916666666667,160.501,24.6429166666667,0.3634,17.696,,,0.18525
226,"""ARUNACHAL PRADESH""",LOHIT,Namsai,,7.375,,,,72.5,71.9842375,4.25,,1.24,,,
227,ASSAM,GOLAGHAT,Gelabil,,,,,,,,,,,,,
228,MEGHALAYA,"""EAST KHASI HILLS""",THERRIAGHAT,,7.08666666666667,,,,39.5,56.971525,10.9166666666667,,1.20583333333333,,,
229,ASSAM,TINSUKIA,Udaipur,,7.625,,10.0333333333333,,69.25,78.010425,7,,1.1875,,,
230,GUJARAT,"""SABAR KANTHA""","""Derol Bridge""",37.8,8.332,,7.78,0.78,319.6,159.1716,64.4,0.02,11.106,196030,,0.628
231,"""UTTAR PRADESH""",CHANDAULI,NARHAN,,,,,,,,,,,,,
232,"""UTTAR PRADESH""",PILIBHIT,"""Kabir Ganj""",,,,,,,,,,,,,
233,"""UTTAR PRADESH""",MUZAFFARNAGAR,Mawi,,7.64727272727273,,6.64125,5.48727272727273,236.636363636364,169.048454545455,18.01,,44.7636363636364,,,0.344545454545455
234,UTTARAKHAND,GARHWAL,Rishikesh,,8.02166666666667,,7.37666666666667,1.8575,149.533333333333,91.371525,10.0833333333333,0.036883636363636,19.9583333333333,,,0.2775
235,KARNATAKA,UDUPI,AVERSHE,,6.4575,,6.595,0.2725,,12.0625,4.97,0.0069,1.716,,2.08,0.12825
236,"""UTTAR PRADESH""",MORADABAD,Moradabad,5.06666666666667,7.94166666666667,,4.48583333333333,12.365,245.916666666667,282.092833333333,21.9804166666667,1.06835,17.76,,,0.425916666666667
237,UTTARAKHAND,DEHRADUN,"""Tuini (Tons)""",,7.61833333333333,,5.8,1.88833333333333,79.1666666666667,48.6180666666667,8.16666666666667,,11.6833333333333,,,0.131666666666667
238,JHARKHAND,JAMTARA,Jamtara,,7.41666666666667,,,,,176.386,15.7383333333333,,23.52,,,
239,MAHARASHTRA,BHANDARA,Pauni,3.43333333333333,7.89333333333333,,6.80833333333333,3.40833333333333,,178.168025,16.33,0.014933333333333,20.9425,29500,3.06553333333333,0.370833333333333
240,"""MADHYA PRADESH""",SINGRAULI,JHOKU,,,,,,,,,,,,,
241,"""ANDHRA PRADESH""","""SRI POTTI SRIRAMULU NELLORE""",Sulurpet,,7.44333333333333,,5.78,1.13333333333333,217,76.4194333333333,79.04,,22.8266666666667,,,0.53
242,BIHAR,MADHUBANI,Jainagar,,8.27666666666667,,,2.0675,207,198.140333333333,26.8333333333333,,3,,,
243,KERALA,ERNAKULAM,NEELEESWARAM,,7.13,,6.6,1.01,26.1666666666667,14.9652833333333,5.4,0.040333333333333,0.716666666666667,892,5.845,0.11781
244,"""UTTAR PRADESH""",SAHARANPUR,Kalanaur,,7.64833333333333,,7.358,0.845,174.666666666667,140.96655,10.3683333333333,,35.15,,,0.226666666666667
245,"""ANDHRA PRADESH""",Y.S.R.,Kamalapuram,,7.98333333333333,,,1.14,143.333333333333,58.1777666666667,41.36,,19.5533333333333,,,0.338333333333333
246,"""UTTAR PRADESH""",KAUSHAMBI,SHAHJADPUR,0.85,8.44166666666667,,7.435,2.93916666666667,241.166666666667,185.409166666667,41.5,0,38.8333333333333,4016.66666666667,1,0.506916666666667
247,"""WEST BENGAL""",MURSHIDABAD,FARAKKA,,,,,,,196.411111111111,16.65,,16.0145454545455,,,
248,"""UTTAR PRADESH""",BAHRAICH,Elginbridge,,8.31916666666667,,6.95916666666667,1.0425,175.833333333333,151.44175,14.0225,0.2254,16.44,,,0.17575
249,UTTARAKHAND,GARHWAL,"""Deoprayag (G)""",,7.97083333333333,,7.57583333333333,1.26916666666667,112.913333333333,66.8333333333333,9.16666666666667,0.034385,16.4363636363636,,,0.228333333333333
250,"""MADHYA PRADESH""",UJJAIN,Mahidpur,,,,,,,,,,,,,
251,UTTARAKHAND,GARHWAL,Srinagar,,,,,,,,,,,,,
252,ASSAM,"""KARBI ANGLONG""",Kheronighat,,7.635,,,,87.25,86.360425,6.75,,1.1975,,,
253,CHHATTISGARH,RAIPUR,Rampur,,8.11909090909091,,7.25454545454546,0.645454545454546,,110.907663636364,16.8181818181818,,,,,
254,JHARKHAND,RAMGARH,Ramgarh,,,,,,,44.902,23.0266666666667,,19.82,,,
255,TAMILNADU,DHARMAPURI,THOPPUR,,,,,,,,,,,,,
256,MAHARASHTRA,CHANDRAPUR,Sakmur/Sirpur,,,,,,,,,,,,,
257,ASSAM,KARIMGANJ,Badarpurghat,,6.83083333333333,,,,81.3333333333333,82.4146083333333,14.75,,1.2075,,,
258,"""MADHYA PRADESH""",SIDHI,"""KULDAH BRIDGE""",,8.22333333333333,,7.33666666666667,2.64,175.333333333333,187.6605,24.1666666666667,0,12.5,2125,15.5,0.419833333333333
259,BIHAR,SITAMARHI,"""Dheng Bridge""",,8.03333333333333,,,1.8955,204.5,196.720833333333,23.3333333333333,,7,,,
260,MAHARASHTRA,SOLAPUR,Wadakbal,,,,,,,,,,,,,
261,ODISHA,BALANGIR,Salebhata,,8.20363636363636,,7.71818181818182,0.927272727272727,,132.268945454545,21.5454545454545,,,,,
262,KERALA,ERNAKULAM,KALAMPUR,,6.78166666666667,,6.28333333333333,0.745,28.8333333333333,18.8333333333333,6.26666666666667,0.009,0.783333333333333,1320,4.995,0.17535
263,CHHATTISGARH,KORIYA,Manendragarh,,8.12333333333333,,7.33333333333333,1.28888888888889,,118.192544444444,21.7777777777778,,,,,
264,"""ANDHRA PRADESH""","""SRI POTTI SRIRAMULU NELLORE""",Naidupet,,7.82428571428571,,6.77871428571429,1.82857142857143,323,116.774857142857,111.735714285714,,31.2728571428571,,,0.5
265,"""UTTAR PRADESH""",PRAYAGRAJ,"""Shastri Bridge""",,,,,,,,,,,,,
266,ASSAM,"""KAMRUP METROPOLITAN""",SONAPUR,12.1375,6.2875,,,,62.5,64.49165,14.5,0,1.175,,,
267,UTTARAKHAND,PITHORAGARH,"""Bangapani (Munsyari)""",,,,,,,,,,,,,
268,"""UTTAR PRADESH""",VARANASI,VARANASI,,8.44166666666667,,7.66666666666667,3.06833333333333,229.316666666667,154.167833333333,63.8333333333333,0,34.3333333333333,8408.33333333333,2.5,0.619833333333333
269,"""MADHYA PRADESH""",MANDLA,Bamni,59.5,7.78625,,6.6125,0.775,88.25,70.6635375,7.8625,0.049625,8.91,,,0.276125
270,"""UTTAR PRADESH""","""KANPUR NAGAR""",Kanpur,7.39166666666667,8.21083333333333,,6.07583333333333,4.42181818181818,212.5,232.166,20.85625,0.33235,16.44,,,0.378416666666667
271,"""ANDHRA PRADESH""",Y.S.R.,Nandipalli,,7.92222222222222,,5.150625,2.15,550.777777777778,133.458222222222,223.895555555556,,32.96,,3.02,1.36466666666667
272,BIHAR,MUZAFFARPUR,"""Sikandarpur (Muzzafarpur)""",,8.1875,,6.58575,2.02616666666667,246.75,213.90075,27.75,,8.83333333333333,,,
273,TAMILNADU,KANNIYAKUMARI,ASHRAMAM,,7.02166666666667,,7,,329.666666666667,132.06945,52.6,0.093666666666667,16.1833333333333,,3.03,2.07783333333333
274,TRIPURA,"""WEST TRIPURA""",Sonamura,,,,,,,,,,,,,
275,ASSAM,CACHAR,Dholai,,6.89083333333333,,,,67.25,75.2479083333333,10.5,,1.2025,,,
276,TAMILNADU,NAGAPPATTINAM,Porakudi,,7.5,,,1.19333333333333,114.666666666667,75.3944333333333,30.25,,7.84666666666667,,,0.226666666666667
277,MAHARASHTRA,RAIGARH,Mangaon,,7,,6.3,0.94,,38.60608,4.56,0.003445746,9.02,135400,5.1,0.2732
278,ODISHA,BALESHWAR,"""Govindapur (NH5 Road Bridge)""",,7.64166666666667,,,,,62.3889,21.95,0,20.3166666666667,,,0.05
279,ODISHA,KENDUJHAR,Champua,,7.41666666666667,,,,,43.3472,13.4833333333333,0.0046,13.4666666666667,,,0.05
280,"""WEST BENGAL""",NADIA,CHAPRA,,,,,,,194.8099,16.4770833333333,,13.6083333333333,,,
281,MIZORAM,AIZAWL,Turial,,,,,,,,,,,,,
282,MAHARASHTRA,NANDED,Yelli,,,,,,,,,,,,,
283,MEGHALAYA,"""SOUTH GARO HILLS""",Dimapara,,6.85833333333333,,,,71.2666666666667,71.670125,12.5,,1.19166666666667,,,
284,UTTARAKHAND,HARDWAR,"""ROORKEE U/S""",,,,,,,,,,,,,
285,"""MADHYA PRADESH""",SEONI,Keolari,,,,,,,,,,,,,
286,CHHATTISGARH,RAIPUR,Baronda,,8.15,,7.5,0.55,,54.2583333333333,13,,,,,
287,TAMILNADU,TIRUNELVELI,A.P.PURAM,,7.45,,,,165,139.789,60.86,,32.0366666666667,,0.02,0.367
288,ODISHA,GANJAM,Purushottampur,,7.765,,,,,72.47915,21.35,0,18.925,,,0.05
289,"""MADHYA PRADESH""",BALAGHAT,Rajegaon,8.9,7.58909090909091,,6.67272727272727,1.63636363636364,,111.130281818182,7.79,0.005216666666667,14.68,24093.6363636364,3.30543333333333,0.3648
290,UTTARAKHAND,RUDRAPRAYAG,"""AUGUSTMUNI U/S""",,,,,,,,,,,,,
291,GUJARAT,VADODARA,Garudeshwar,2.16666666666667,7.955,,7,1.51666666666667,227.333333333333,112.541666666667,67.1666666666667,0.068,11.4,1100,,0.163333333333333
292,MAHARASHTRA,KOLHAPUR,KURUNDWAD,,7.1825,,7.575,0.475,,83.420075,14.06,0.0033141675,23.8375,10275,2.34,0.312
293,"""WEST BENGAL""",NADIA,HANSKHALI,,,,,,,181.463833333333,16.7129166666667,,7.68,,,
294,MEGHALAYA,"""SOUTH GARO HILLS""",SIBBARI,,6.79833333333333,,,,54.1666666666667,63.4215,11.3333333333333,,1.21,,,
295,CHHATTISGARH,BILASPUR,Jondhra,,8.14,,7.24,0.76,,108.4816,19,,,,,
296,BIHAR,VAISHALI,Lalganj,,8.4,,,,186.2,169.906833333333,21.8333333333333,,2,,,
297,"""MADHYA PRADESH""",SHAHDOL,GOVARDHEGHAT,,,,,,,,,,,,,
298,CHHATTISGARH,RAIGARH,Kurubhata,,8.26083333333333,,7.38333333333333,0.475,,74.3146416666667,13.5833333333333,,,,,
299,"""MADHYA PRADESH""",HOSHANGABAD,Chhidgaon,75.175,8.07416666666667,,6.70833333333333,1.06666666666667,236.166666666667,167.151308333333,10.5,0.033083333333333,10.7333333333333,,,0.226333333333333
300,ODISHA,SUNDARGARH,Sundergarh,,8.18818181818182,,7.39090909090909,0.736363636363636,,81.9674363636364,13.9090909090909,,,,,
301,TELANGANA,KHAMMAM,Konta,15.3625,7.85833333333333,,6.70833333333333,0.641666666666667,92.1666666666667,61.375,3.64166666666667,0,11.525,4880,2.7859,0.15
302,TAMILNADU,KANNIYAKUMARI,KUZHITHURAI,,7.11166666666667,,,,219.833333333333,56.1110666666667,53.8666666666667,0.0555,14.3666666666667,,3.84,0.970166666666667
303,"""MADHYA PRADESH""",HOSHANGABAD,Sandia,118.508333333333,8.09083333333333,,6.64166666666667,0.691666666666667,153.166666666667,122.724941666667,8.325,0.027,6.71333333333333,,,0.19375
304,RAJASTHAN,KOTA,Sangod,,,,,,,,,,,,,
305,KARNATAKA,BELLARY,"""T. Ramapuram""",17.55,8.2,,6.5,1.2,944,219.542,184,0,178,16000,,0.77
306,"""UTTAR PRADESH""",SHRAWASTI,Bhinga,,,,,,,,,,,,,
307,JHARKHAND,"""PURBI SINGHBHUM""",Jamshedpur,,7.54166666666667,,5.9325,1.1925,,99.2361166666667,32.5166666666667,0.02185,46.4166666666667,,,0.05
308,KERALA,MALAPPURAM,KARATHODU,,6.83,,6.18333333333333,0.646666666666667,56.1666666666667,28.0486,11.5666666666667,0.011166666666667,0.966666666666666,1210,4.525,0.286166666666667
309,TELANGANA,NALGONDA,Gandlapet,,,,,,,,,,,,,
310,UTTARAKHAND,DEHRADUN,"""RISHIKESH D/S""",,,,,,,,,,,,,
311,"""ARUNACHAL PRADESH""","""UPPER SUBANSIRI""",Lemeking,,7.85,,,,86.5,97.4585,1,,,,,
312,BIHAR,MADHUBANI,Jhanjharpur,,8.245,,,2.342,226.083333333333,192.59025,27.4166666666667,,4.16666666666667,,,
313,KERALA,KOTTAYAM,KIDANGOOR,,6.76,,6.36666666666667,0.803333333333333,33.5,20.6458166666667,7.85,0.012,0.666666666666667,1600,2.38,0.14525
314,ASSAM,LAKHIMPUR,Chouldhowaghat,,7.885,,8.325,,80.75,82.73755,4.8125,,1.2025,,,
315,CHHATTISGARH,BASTAR,Jagdalpur,21.4088888888889,7.78888888888889,,6.7,0.822222222222222,107.555555555556,104.101777777778,6.28888888888889,0,9.07777777777778,7728.88888888889,2.06,0.132222222222222
316,RAJASTHAN,TONK,Tonk,,,,,,,,,,,,,
317,ASSAM,SONITPUR,"""NT Road Crossing JiaBharali""",,7.345,,8.2,,66.75,76.0853875,5.5,,1.2375,,,
318,TAMILNADU,THENI,Ambasamudram,,7.96,,10,1.7,,71.9292,11.61,,7.88,,,0.2675
319,ASSAM,GOLAGHAT,Golaghat,,7.40875,,8.075,,96.25,98.756375,6.625,,1.1975,,,
320,GUJARAT,SURAT,MOTINAROLI,3.33333333333333,8.15,,6.19090909090909,1.88833333333333,617.083333333333,117.652833333333,95.3333333333333,0.09,13.0083333333333,3250,,0.198333333333333
321,"""MADHYA PRADESH""",CHHATARPUR,GARRAULI,,8.2725,,,,,143.545325,18.6375,0.05865,5.16,,,0.39425
322,ASSAM,SIVASAGAR,Sivasagar,,7.4075,,8.125,,99.875,114.232375,19.5625,,1.1875,,,
323,TAMILNADU,KARUR,MUSIRI,,8.042,,6.68,2.34,276,149.89906,45.35,,21.134,,1.8,0.3214
324,MAHARASHTRA,PUNE,Sarati,,7.68,,,0.8,,163.1225,32.13,0.015156285,66.4,62500,2.19,0.339
325,"""UTTAR PRADESH""",GHAZIPUR,"""Ghazipur (Jamalpur Bridge)""",,,,,,,,,,,,,
326,TAMILNADU,NAMAKKAL,KODUMUDI,,8.08636363636364,,6.38181818181818,3.35454545454545,286.25,153.196118181818,61.2409090909091,,21.5954545454545,,2.73,0.342818181818182
327,TAMILNADU,COIMBATORE,AMBARAMPALAYAM,,7.65333333333333,,6.9,1.34166666666667,97.2,79.6583,16.1341666666667,,4.27666666666667,,3.195,0.2725
328,"""MADHYA PRADESH""",SAGAR,Natunhat,,,,,,,,,,,,,
329,MAHARASHTRA,PARBHANI,Purrna,18.4033333333333,7.86666666666667,,5.31666666666667,1.5,277,186.527666666667,20.25,6.66666666666667E-05,26.48,10870,2.79756666666667,0.566
330,"""ARUNACHAL PRADESH""","""EAST KAMENG""",Seppa,,7.325,,,,103.625,61.8541,15.475,,1.1975,,,
331,MAHARASHTRA,SOLAPUR,Takli,,7.64,,,0.95,,136.73035,28.335,0.0040091,56.2,2615,,0.365
332,MEGHALAYA,"""RI BHOI""",BYRNIHAT,,,,,,,,,,,,,
333,ASSAM,CACHAR,DHOLAI,,6.89083333333333,,,,67.25,75.2479083333333,10.5,,1.2025,,,
334,"""MADHYA PRADESH""",MANDLA,Manot,60.5916666666667,8.10333333333333,,6.575,0.891666666666667,130.583333333333,114.417441666667,8.75833333333333,0.05,6.31333333333333,,,0.187833333333333
335,KERALA,KASARAGOD,ERINJIPUZHA,,6.734,,6.142,0.592,32.8,20.975,6.96,0.026,0.9,1241.5,3.32,0.14714
336,ASSAM,"""KARBI ANGLONG""",Bokajan,,7.47875,,,,87,93.206325,6,,1.23,,,
337,ODISHA,SUNDARGARH,Gomlai,,7.80166666666667,,7.26416666666667,0.681666666666667,,63.6458416666667,16.25,0.00345,16.0083333333333,,,0.05
338,KARNATAKA,BIDAR,Saigaon,2.315,8.1,,6.275,2.025,321.5,230.70825,36.225,0,35.725,9025,3.69,0.4275
339,BIHAR,PATNA,Hathidah,,,,,,,,,,,,,
340,MAHARASHTRA,NANDED,Betmogra,,,,,,,,,,,,,
341,TELANGANA,ADILABAD,Bhatpalli,1.88333333333333,8.28333333333334,,7.21666666666667,2.3,,247.390833333333,28.9325,0.026591666666667,14.8158333333333,27062.5,3.69333333333333,0.710666666666667
342,MAHARASHTRA,SANGLI,"""Samdoli (Seasonal)""",,,,,,,,,,,,,
343,"""UTTAR PRADESH""",HAMIRPUR,SHAHIJINA,,8.2125,,,,,144.120291666667,18.6966666666667,0.03335,7.76,,,0.43225
344,KARNATAKA,UDUPI,HALADI,,6.67833333333333,,6.65666666666667,0.808333333333333,,10.0541666666667,3.78666666666667,0.0023,1.848,,2.855,0.069666666666667
345,TRIPURA,"""NORTH TRIPURA""",Kailashahar,,,,,,,,,,,,,
346,"""MADHYA PRADESH""",DATIA,SEONDHA,,8.3675,,,,,161.100583333333,23.6075,0.0345,9.32,,,0.986416666666666
347,TAMILNADU,KARUR,NALLAMARANPATTY,,7.95,,8.8,4.3,,94.9917,20.15,,14.29,,,0.322
348,"""ANDHRA PRADESH""",KRISHNA,"""Paleru Bridge""",2.86888888888889,7.83333333333333,,5.22222222222222,1.4,475.555555555556,252.342555555556,70.0111111111111,0,54.3333333333333,3612.22222222222,0.605,0.934444444444444
349,UTTARAKHAND,GARHWAL,"""SATPULI D/S""",,,,,,,,,,,,,
350,ASSAM,SONITPUR,Tezpur,,7.6425,,,,73.5,81.103225,7.5,,1.1825,,,
351,ASSAM,DIBRUGARH,Dillighat,,7.375,,,,83.5,88.430075,6.3125,,1.165,,,
352,KARNATAKA,"""UTTARA KANNADA""",SANTEGULI,,6.77666666666667,,,,,18.4333333333333,5.97583333333333,0.023,2.472,,4.515,0.0665
353,"""ANDHRA PRADESH""",GUNTUR,Wadenepally,2.6675,8.15,,6.50833333333333,0.983333333333333,366,157.090358333333,54.1333333333333,0,60.55,1970.83333333333,3.1096,0.5775
354,ASSAM,SONITPUR,Bhalukpong,,7.29125,,,,49.25,77.1341625,10.875,,1.205,,,
355,ASSAM,NALBARI,"""Pagladiya N T Road Crossing""",7.13,7.16,,,,137.5,150.496,11,0,1.205,,,
356,"""UTTAR PRADESH""",VARANASI,Baluaghat,,,,,,,,,,,,,
357,MAHARASHTRA,AHMADNAGAR,Kopergaon,,,,,,,,,,,,,
358,GUJARAT,RAJKOT,Ganod,19.4,8.518,,8.46,1.92,647.2,275.8766,212,0.066,21.308,146337,,0.776
359,KERALA,KOLLAM,PATTAZHY,,6.8,,6.36666666666667,0.638333333333333,29.5,18.1736166666667,7.71666666666667,0.0165,0.916666666666667,1180,3.165,0.190166666666667
360,TAMILNADU,NAGAPPATTINAM,Gopurajapuram,,7.53,,,1.64,106,83.7833,25.52,,8.17,,,0.29
361,"""UTTAR PRADESH""",LALITPUR,RAJGHAT,,8.35,,,,,135.6849,16.5370833333333,0.0368,5.8,,,0.28975
362,MAHARASHTRA,CHANDRAPUR,"""Bamni (Balharsha)""",4.175,8.1825,,5.73333333333333,9.45833333333333,,265.910416666667,49.3741666666667,0.097641666666667,27.4641666666667,30508.3333333333,2.02666666666667,0.588583333333333
363,KERALA,PATHANAMTHITTA,KALLOOPPARA,,6.695,,6.53333333333333,0.868333333333333,40,20.0347166666667,9.33333333333333,0.010166666666667,1.4,1320,3.73,0.129016666666667
364,ASSAM,GOALPARA,DUDHNAI,11.5725,6.95,,7.4,,54,74.177025,17,0,1.2125,,,
365,"""UTTAR PRADESH""",VARANASI,"""V S Bridge""",,,,,,,,,,,,,
366,PONDICHERRY,PUDUCHERRY,Kumarapalayam,,,,,,,,,,,,,
367,KERALA,PALAKKAD,PUDUR,,7.45,,5.23333333333333,1.62833333333333,282.166666666667,160.083283333333,28.0333333333333,0.089166666666667,22.4666666666667,1460,3.245,0.713
368,ODISHA,SUNDARGARH,Jarikela,,7.71666666666667,,6.585,0.513333333333333,,77.6945666666667,14.1666666666667,0,11.6333333333333,,,0.05
369,ASSAM,SONITPUR,Bhomoraguri,,,,,,,,,,,,,
370,MAHARASHTRA,THANE,DURVESH,2.2,8.168,,9.1,2,387.8,122.7432,99,0.073333333333333,13.92,5000,,0.2
371,JHARKHAND,PALAMU,Japla,,8.22,,,,183.566666666667,161.033333333333,20.6666666666667,,10.1,,,
372,TAMILNADU,VILUPPURAM,Vazhavachanur,,7.92666666666667,,6.1985,1.735,464,227.398333333333,140.803333333333,,86.0683333333333,,,0.515833333333333
373,ASSAM,KARIMGANJ,ANIPUR,,,,,,,,,,,,,
374,KERALA,MALAPPURAM,KUMBIDI,,6.855,,6.53333333333333,1.02,75,39.2083333333333,11.8166666666667,0.071333333333333,1.41666666666667,1460,3.465,0.728833333333333
375,ASSAM,GOALPARA,PANCHARATNA,17.9325,7.3925,,5.63333333333333,,106,96.7585,12.5,0,1.2,,,
376,UTTARAKHAND,DEHRADUN,"""HARIDWAR D/S""",,,,,,,,,,,,,
377,BIHAR,,Triveni,,7.95166666666667,,6.79766666666667,2.0675,210.166666666667,218.4195,26.6666666666667,,13,,,
378,TAMILNADU,ERODE,ELUNUTHIMANGALAM,,8.6225,,5.85,3.75,,404.35,412.49,,115.3125,,,0.909
379,"""UTTAR PRADESH""","""SIDDHARTH NAGAR""",Biskohar,,,,,,,,,,,,,
380,GUJARAT,ANAND,Khanpur,28.6666666666667,8.38166666666667,,8.25,1.41666666666667,267.333333333333,173.48825,31.3333333333333,0.04,14.3741666666667,166931.428571429,,0.585
381,BIHAR,BHOJPUR,Koelwar,,8.31666666666667,,,,148.766666666667,126.58905,32.6666666666667,,6.5,,,
382,KARNATAKA,RAICHUR,Huvinhedigi,8.20909090909091,8.25454545454545,,6.37272727272727,1.05454545454545,480.181818181818,219.591,66.8545454545454,6.36363636363636E-05,93.2272727272727,4804.54545454546,2.36483333333333,0.800909090909091
383,"""UTTAR PRADESH""",KHERI,Paliakalan,,8.36333333333333,,6.95583333333333,0.899166666666667,201.166666666667,161.28175,14.0225,0.21045,17.56,,,0.18525
384,"""MADHYA PRADESH""",RATLAM,Mataji,11.1666666666667,8.11333333333333,,8.45,2.93333333333333,219,162.116666666667,22.3333333333333,0.031666666666667,9.93333333333333,164334.666666667,,0.518333333333333
385,"""MADHYA PRADESH""",CHHINDWARA,Ramakona,,,,,,,,,,,,,
386,"""UTTAR PRADESH""",JAUNPUR,JAUNPUR,,,,,,,,,,,,,
387,TAMILNADU,COIMBATORE,Gandhavayal,,,,,,,,,,,,,
388,"""UTTAR PRADESH""",HAMIRPUR,HAMIRPUR,,8.22833333333334,,,,,190.759916666667,67.9825,0.1311,42.68,,,0.391083333333333
389,TAMILNADU,THOOTHUKKUDI,MURAPPANADU,,7.43,,5.74166666666667,0.875,77.6,61.3631916666667,18.7158333333333,,5.31833333333333,,1.815,0.1565
390,"""MADHYA PRADESH""","""WEST NIMAR""",Mandleshwar,40.5083333333333,8.10083333333333,,6.49166666666667,0.908333333333333,146.083333333333,117.383916666667,14.5583333333333,0.029833333333333,8.73416666666667,,,0.185083333333333
391,"""MADHYA PRADESH""",DINDORI,Dindori,83.3416666666667,7.83666666666667,,5.58333333333333,1.53333333333333,143.583333333333,122.615166666667,9.53333333333333,0.110583333333333,10.3666666666667,,,0.20025
392,TRIPURA,"""NORTH TRIPURA""","""KAILASHAHAR GDSQ SITE""",,,,,,,,,,,,,
393,BIHAR,KATIHAR,LABHA,,,,,,,202.18875,15.9425,,16.76,,,
394,KERALA,KOZHIKODE,KUTTYADI,,6.91,,7.01666666666667,0.50351,17.8333333333333,13.0139,4.46666666666667,0,0.716666666666667,1240,4.565,0.0527
395,KARNATAKA,GULBARGA,Malkhed,4.35666666666667,8.16666666666667,,6.03333333333333,0.883333333333333,394.666666666667,182.777833333333,29.35,0,17.5166666666667,2966.66666666667,4.69305,0.706666666666667
396,"""ARUNACHAL PRADESH""","""UPPER SUBANSIRI""",Daporizo,,7.8,,,,73.75,60.5,1.75,,,,,
397,"""DAMAN & DIU""",DAMAN,PINGALWADA,2.91666666666667,7.47833333333333,,2.01818181818182,1.36416666666667,675.083333333334,124.712333333333,113.916666666667,0.102222222222222,14.35,15800,,0.235
398,MIZORAM,AIZAWL,Sairang,,,,,,,,,,,,,
399,"""WEST BENGAL""",BIRBHUM,"""Tilpara  Mihirlal Barrage""",,8.23333333333333,,,,,119.142333333333,15.7383333333333,,1.6,,,
400,TELANGANA,NALGONDA,Dameracherla,3.87909090909091,8.07272727272727,,6.02727272727273,1.25454545454545,635.818181818182,239.553090909091,132.336363636364,0,79.7636363636364,1630.90909090909,0.873333333333333,1.08727272727273
401,KARNATAKA,CHAMRAJNAGAR,BILIGUNDULU,,8.03083333333333,,6.28916666666667,0.946666666666666,,124.283333333333,28.9620833333333,0.023,10.244,,2.985,0.374818181818182
402,TRIPURA,"""WEST TRIPURA""",KHOWAI,,,,,,,,,,,,,
403,"""UTTAR PRADESH""",FARRUKHABAD,Fatehgarh,6.075,8.02,,6.90916666666667,1.5175,162.916666666667,172.370166666667,15.975,0.161,14.48,,,0.414833333333333
404,KERALA,KANNUR,PERUMANNU,,6.74833333333333,,6.76666666666667,0.673333333333333,31.5,21.1527666666667,6.78333333333333,0.037833333333333,0.866666666666667,1600,1.95,0.1579
405,"""ANDHRA PRADESH""",KRISHNA,Keesara,2.55,8.2,,6.7,1.025,506.5,206.60425,62.1,0,38.6,8182.5,4.39,0.7825
406,CHHATTISGARH,RAIPUR,Pathardihi,,8.088,,5.9,1.14,,118.31514,31.4,,,,,
407,KERALA,PATHANAMTHITTA,MALAKKARA,,6.82166666666667,,6.55,0.383333333333333,22.5,14.3611166666667,5.61666666666667,0.030333333333333,0.716666666666667,1240,3.71,0.115183333333333
408,"""MADHYA PRADESH""",NARSIMHAPUR,Barmanghat,,,,,,,,,,,,,
409,MAHARASHTRA,WARDHA,Hivra,1.9,8.24,,6.79166666666667,1.96666666666667,,204.491666666667,22.0433333333333,0.00435,17.985,16925,4.22666666666667,0.433216666666667
410,TAMILNADU,VELLORE,Avarankuppam,,,,,,,,,,,,,
411,"""MADHYA PRADESH""",PANNA,MADLA,,8.49,,,,,136.914666666667,15.975,0.069,15.84,,,0.221666666666667
412,RAJASTHAN,DUNGARPUR,Rangeli,12.3333333333333,8.32166666666667,,8.63333333333333,2.95,394.333333333333,207.082,62.1666666666667,0.021666666666667,14.8666666666667,92702.6666666667,,0.731666666666667
413,ASSAM,MARIGAON,Dharamtul,,7.41125,,,,68.5,76.8645875,6.4375,,1.1725,,,
414,"""MADHYA PRADESH""",SHIVPURI,PACHAWALI,,8.23,,,3.37,,239.025,30.89,,5.76,,,0.198888888888889
415,"""ANDHRA PRADESH""",Y.S.R.,Chennur,,7.92916666666667,,7.28966666666667,2.33,448.5,150.30775,153.2925,,96.7908333333333,,3.59,0.771416666666666
416,CHHATTISGARH,BIJAPUR,Pathagudem,10.37,7.92727272727273,,6.5,0.672727272727273,93.7272727272727,69.8939363636364,3.80909090909091,0,7.9,2209.27272727273,1.1943,0.147272727272727
417,"""UTTAR PRADESH""",ETAWAH,UDI,,8.34166666666667,,,,,164.343166666667,37.7483333333333,0.0184,42.24,,,0.302416666666667
418,ASSAM,KAMRUP,Pandu,15.025,7.225,,10.0675,0.675,107.5,116.095825,11.25,0,1.175,,,
419,ASSAM,NAGAON,Kampur,,7.2975,,,,88.5,94.9915,3.875,,1.205,,,
420,MAHARASHTRA,SANGLI,"""Arjunwad (Seasonal)""",,,,,,,,,,,,,
421,"""UTTAR PRADESH""",SITAPUR,Neemsar,3.025,8.3975,,7.12,2.0475,200.25,194.51575,18.54875,0.29325,16.56,,,0.30875
422,"""UTTAR PRADESH""",GORAKHPUR,Regauli,,8.27833333333333,,6.79333333333333,1.18833333333333,243.916666666667,159.425666666667,16.7145833333333,0.22425,18.64,,,0.17575
423,"""WEST BENGAL""",MALDAH,ENGLISHBAZAR,,,,,,,230.308416666667,15.825,,7.69416666666667,,,
424,GUJARAT,AHMADABAD,Vautha,35.4166666666667,7.96083333333333,,1.68583333333333,24.4833333333333,1217.66666666667,367.015916666667,316.75,0.130833333333333,61.3908333333333,4413.25,,0.7325
425,TAMILNADU,KRISHNAGIRI,SINGASADANAPALLI,,,,,,,,,,,,,
426,ASSAM,CACHAR,B.P.GHAT,,6.83083333333333,,,,81.3333333333333,82.4146083333333,14.75,,1.2075,,,
427,TRIPURA,DHALAI,"""KAMALPUR GDS SITE""",,,,,,,,,,,,,
428,"""HIMACHAL PRADESH""",SOLAN,"""Yaswant Nagar""",,7.715,,9.1,2.86,163.166666666667,117.47345,13.9433333333333,,33.0166666666667,,,0.175
429,"""UTTAR PRADESH""",GHAZIABAD,Mohna,,7.42583333333333,,3.48,30.9616666666667,662.083333333333,281.0535,158.265833333333,,83.8416666666667,,,0.655
430,ODISHA,GAJAPATI,Mahendragarh,,,,,,,,,,,,,
431,KARNATAKA,RAICHUR,Mantralayam,,,,,,,,,,,,,
432,ASSAM,DIBRUGARH,Naharkatia,,7.675,,,,84.5,83.94075,16.25,,1.19,,,
433,UTTARAKHAND,"""TEHRI GARHWAL""",Koteshwar,,7.87083333333333,,7.46666666666667,1.15083333333333,83.3166666666667,50.75,8.33333333333333,0.02783,13.625,,,0.179166666666667
434,KARNATAKA,"""DAKSHINA KANNADA""",ADDOOR,,6.74,,,,,12.725,4.615,0.0046,2.32,,3.01,0.025333333333333
435,"""MADHYA PRADESH""",MANDLA,Mohgaon,81.3416666666667,8.07333333333333,,6.425,0.791666666666667,119.25,101.222133333333,8.675,0.045833333333333,5.76333333333333,,,0.183916666666667
436,UTTARAKHAND,GARHWAL,"""Rudraprayag (A)""",,8.01416666666667,,8.165,1.155,117.426666666667,76.5,9.91666666666667,0.03887,17.7083333333333,,,0.235833333333333
437,"""UTTAR PRADESH""",KAUSHAMBI,RAJAPUR,,8.55,,,3.6,,196.066333333333,77.5083333333333,0.1311,45.28,0,,0.411666666666667
438,CHHATTISGARH,RAIPUR,Simga,,7.97636363636364,,5.87272727272727,1.07272727272727,,150.861327272727,34.9090909090909,,,,,
439,"""UTTAR PRADESH""",SONBHADRA,CHOPAN,1.06666666666667,8.03,,7.485,2.74666666666667,135.083333333333,165.829833333333,25.1666666666667,0,13.25,2358.33333333333,19,0.432833333333333
440,"""UTTAR PRADESH""",BAHRAICH,B.K.Ghat,,,,,,,,,,,,,
