Unnamed: 0,State,DISTRICT,STATION,Turbidity,pH,Color,DO,BOD,TDS,Hardness,Cl,No3,So4,Coliform,As,F
0,TELANGANA,KARIMNAGAR,Mancherial,4.417272727272731,7.46363636363636,,6.15454545454546,1.4,342.909090909091,181.18945454545502,28.2272727272727,0.0,27.936363636363602,3494.72727272727,4.55876666666667,0.7445454545454541
1,MAHARASHTRA,AKOLA,GOPALKHEDA,3.0,8.18333333333333,,7.0,1.58,544.5,109.829333333333,78.8333333333333,0.054000000000000006,11.8666666666667,1950.0,3.6826225806451607,0.148333333333333
2,TAMILNADU,ERODE,URACHIKOTTAI,17.01499097748317,7.957000000000001,,7.29,2.49,218.9,125.0924,27.0,0.07788076145771602,13.470999999999998,28662.758076799753,2.29,0.2811
3,UTTARAKHAND,CHAMPAWAT,GHAT,17.01499097748317,8.37916666666667,,7.18916666666667,0.639166666666667,176.166666666667,145.55525,13.371666666666698,0.2139,16.36,28662.758076799753,3.6826225806451607,0.15991666666666698
4,"""UTTAR PRADESH""",MORADABAD,"""Gagan Moradabad""",5.06666666666667,7.94166666666667,,4.48583333333333,12.365,245.916666666667,282.09283333333303,21.9804166666667,1.06835,17.76,28662.758076799753,3.6826225806451607,0.4259166666666671
5,ASSAM,CACHAR,Monierkhal,17.01499097748317,7.764260379136993,,6.703154676138132,2.6815519541519084,220.23367054827756,131.77457374277378,37.22037571253798,0.07788076145771602,18.142366924447888,28662.758076799753,3.6826225806451607,0.3672985530539035
6,TAMILNADU,THIRUVARUR,Menangudi,17.01499097748317,8.07,,6.703154676138132,1.44,171.333333333333,96.3752333333333,56.72,0.07788076145771602,17.1866666666667,28662.758076799753,0.006999999999999999,0.27333333333333304
7,ODISHA,KENDUJHAR,Anandapur,17.01499097748317,7.75083333333333,,7.1625,0.796666666666667,220.23367054827756,52.388883333333304,17.966666666666697,0.0025090909090910002,16.975,28662.758076799753,3.6826225806451607,0.05
8,"""UTTAR PRADESH""",BUDAUN,Kachhlabridge,4.63333333333333,8.11333333333333,,6.2875,1.5666666666666698,144.416666666667,161.44525,13.845,0.30245,13.76,28662.758076799753,3.6826225806451607,0.3594166666666671
9,"""UTTAR PRADESH""","""JYOTIBA PHULE NAGAR""",Garhmukteshwar,4.29166666666667,8.1125,,6.7475,1.34166666666667,173.083333333333,182.671916666667,14.28875,0.27025,10.76,28662.758076799753,3.6826225806451607,0.277083333333333
10,"""UTTAR PRADESH""",PRATAPGARH,PRATAPGARH,17.01499097748317,7.764260379136993,,6.703154676138132,2.6815519541519084,220.23367054827756,131.77457374277378,37.22037571253798,0.07788076145771602,18.142366924447888,28662.758076799753,3.6826225806451607,0.3672985530539035
11,"""ARUNACHAL PRADESH""",LOHIT,Tezu,17.01499097748317,7.225,,6.703154676138132,2.6815519541519084,89.25,81.1905875,7.625,0.07788076145771602,1.195,28662.758076799753,3.6826225806451607,0.3672985530539035
12,ASSAM,MARIGAON,Jagibhakatgaon,17.01499097748317,7.764260379136993,,6.703154676138132,2.6815519541519084,220.23367054827756,131.77457374277378,37.22037571253798,0.07788076145771602,18.142366924447888,28662.758076799753,3.6826225806451607,0.3672985530539035
13,CHHATTISGARH,RAIPUR,RAJIM,17.01499097748317,8.03,,7.36666666666667,0.5,220.23367054827756,42.79305,12.666666666666698,0.07788076145771602,18.142366924447888,28662.758076799753,3.6826225806451607,0.3672985530539035
14,KARNATAKA,CHAMRAJNAGAR,KUDLUR,17.01499097748317,7.764260379136993,,6.703154676138132,2.6815519541519084,220.23367054827756,131.77457374277378,37.22037571253798,0.07788076145771602,18.142366924447888,28662.758076799753,3.6826225806451607,0.3672985530539035
15,KERALA,PATHANAMTHITTA,THUMPAMON,17.01499097748317,6.81666666666667,,5.9,0.711666666666667,39.1666666666667,20.222233333333303,8.7,0.012666666666667001,0.966666666666667,1460.0,2.92,0.181566666666667
16,"""ARUNACHAL PRADESH""","""UPPER SIANG""",Tuting,17.01499097748317,8.075,,8.35,2.6815519541519084,80.5,73.041675,2.25,0.07788076145771602,18.142366924447888,28662.758076799753,3.6826225806451607,0.3672985530539035
17,CHHATTISGARH,DURG,Kotni,17.01499097748317,7.764260379136993,,6.703154676138132,2.6815519541519084,220.23367054827756,131.77457374277378,37.22037571253798,0.07788076145771602,18.142366924447888,28662.758076799753,3.6826225806451607,0.3672985530539035
18,CHHATTISGARH,DURG,"""Andhiyar Khore""",17.01499097748317,8.18454545454545,,6.90909090909091,0.6181818181818179,220.23367054827756,194.906090909091,24.9090909090909,0.07788076145771602,18.142366924447888,28662.758076799753,3.6826225806451607,0.3672985530539035
19,"""UTTAR PRADESH""",DEORIA,Turtipar,17.01499097748317,8.36083333333333,,7.29,1.01666666666667,197.0,158.118916666667,15.324166666666699,0.21735,16.72,28662.758076799753,3.6826225806451607,0.1805
20,"""UTTAR PRADESH""",MAINPURI,Bewar,17.01499097748317,7.764260379136993,,6.703154676138132,2.6815519541519084,220.23367054827756,131.77457374277378,37.22037571253798,0.07788076145771602,18.142366924447888,28662.758076799753,3.6826225806451607,0.3672985530539035
21,UTTARAKHAND,CHAMOLI,"""KARNPRAYAG CONFLUENCE D/S""",17.01499097748317,7.764260379136993,,6.703154676138132,2.6815519541519084,220.23367054827756,131.77457374277378,37.22037571253798,0.07788076145771602,18.142366924447888,28662.758076799753,3.6826225806451607,0.3672985530539035
22,"""UTTAR PRADESH""","""AMBEDKAR NAGAR""",AKBARPUR,17.01499097748317,7.764260379136993,,6.703154676138132,2.6815519541519084,220.23367054827756,131.77457374277378,37.22037571253798,0.07788076145771602,18.142366924447888,28662.758076799753,3.6826225806451607,0.3672985530539035
23,ASSAM,CACHAR,Annapurnaghat,17.01499097748317,6.85090909090909,,6.703154676138132,2.6815519541519084,71.5454545454545,76.6113454545455,12.909090909090901,0.07788076145771602,1.22090909090909,28662.758076799753,3.6826225806451607,0.3672985530539035
24,MAHARASHTRA,PUNE,Phulgaon,17.01499097748317,7.3,,6.703154676138132,1.9,220.23367054827756,80.3363,8.51,0.00394737,14.2,54000.0,3.6826225806451607,0.326
25,CHHATTISGARH,JANJGIRCHAMPA,Bamnidhi,17.01499097748317,8.2275,,6.9666666666666694,1.4333333333333302,220.23367054827756,99.7950833333333,23.25,0.07788076145771602,18.142366924447888,28662.758076799753,3.6826225806451607,0.3672985530539035
26,TAMILNADU,RAMANATHAPURAM,PARAMAKUDI,17.01499097748317,7.764260379136993,,6.703154676138132,2.6815519541519084,220.23367054827756,131.77457374277378,37.22037571253798,0.07788076145771602,18.142366924447888,28662.758076799753,3.6826225806451607,0.3672985530539035
27,"""MADHYA PRADESH""",NARSIMHAPUR,Gadarwara,82.1,8.09272727272727,,6.51818181818182,0.8818181818181821,188.090909090909,158.227245454545,9.28181818181818,0.034727272727272995,7.2945454545454504,28662.758076799753,3.6826225806451607,0.22063636363636396
28,"""MADHYA PRADESH""",MORENA,Dholpur,17.01499097748317,8.395,,6.703154676138132,2.6815519541519084,220.23367054827756,167.414083333333,41.3279166666667,0.04715,44.16,28662.758076799753,3.6826225806451607,0.37525
29,ODISHA,NABARANGAPUR,Nowrangpur,15.706,7.78,,6.9,0.89,96.2,62.175,3.01,0.0,9.01,5862.0,1.1695,0.10300000000000001
30,MAHARASHTRA,NASHIK,CHANWADA,6.2,8.06,,7.8,1.8980000000000001,369.2,113.6234,94.2,0.07,12.36,1400.0,3.6826225806451607,0.16
31,GUJARAT,AMRELI,Lowara,16.4,8.366,,9.2,2.74,3790.8,724.3322,1569.2,0.10400000000000001,54.238,271004.0,3.6826225806451607,0.762
32,GUJARAT,"""BANAS KANTHA""",Chitrasani,11.75,8.4675,,10.125,2.725,448.5,220.29575,93.5,0.015,15.0,271040.0,3.6826225806451607,0.8175
33,ASSAM,KAMRUP,"""Puthimari NH Rd Xing""",10.505,7.255,,6.703154676138132,2.6815519541519084,135.0,129.0,13.0,0.0,1.205,28662.758076799753,3.6826225806451607,0.3672985530539035
34,UTTARAKHAND,CHAMPAWAT,PANCHESHWAR,17.01499097748317,7.764260379136993,,6.703154676138132,2.6815519541519084,220.23367054827756,131.77457374277378,37.22037571253798,0.07788076145771602,18.142366924447888,28662.758076799753,3.6826225806451607,0.3672985530539035
35,ASSAM,KAMRUP,KULSI,6.7775,6.5575,,2.5,2.6815519541519084,25.5,68.79375,11.25,0.0,1.17,28662.758076799753,3.6826225806451607,0.3672985530539035
36,JHARKHAND,HAZARIBAGH,Hendegir,17.01499097748317,7.764260379136993,,6.703154676138132,2.6815519541519084,220.23367054827756,164.300666666667,18.446666666666697,0.07788076145771602,19.52,28662.758076799753,3.6826225806451607,0.3672985530539035
37,"""WEST BENGAL""",BARDDHAMAN,"""KALNA (flow)""",17.01499097748317,7.764260379136993,,6.703154676138132,2.6815519541519084,220.23367054827756,184.284090909091,16.6533333333333,0.07788076145771602,12.6225,28662.758076799753,3.6826225806451607,0.3672985530539035
38,MAHARASHTRA,PARBHANI,G.R.BRIDGE,17.01499097748317,7.764260379136993,,6.703154676138132,2.6815519541519084,220.23367054827756,131.77457374277378,37.22037571253798,0.07788076145771602,18.142366924447888,28662.758076799753,3.6826225806451607,0.3672985530539035
39,UTTARAKHAND,CHAMOLI,"""Karnprayag U/S""",17.01499097748317,7.764260379136993,,6.703154676138132,2.6815519541519084,220.23367054827756,131.77457374277378,37.22037571253798,0.07788076145771602,18.142366924447888,28662.758076799753,3.6826225806451607,0.3672985530539035
40,"""UTTAR PRADESH""",PRAYAGRAJ,ALLAHABAD,0.475,8.085,,7.24666666666667,3.1083333333333303,228.75,173.97291666666698,59.3333333333333,0.0,40.0,6558.33333333333,1.0,0.4611666666666671
41,BIHAR,BUXAR,Buxar,17.01499097748317,8.22636363636364,,6.46227272727273,2.25381818181818,273.318181818182,185.35713636363602,35.3454545454545,0.07788076145771602,5.5,28662.758076799753,3.6826225806451607,0.3672985530539035
42,MAHARASHTRA,NAGPUR,Satrapur/K.R.Bridge,3.4583333333333304,7.98833333333333,,7.43333333333333,1.85833333333333,220.23367054827756,231.44158333333303,29.7541666666667,0.008675,22.31,33402.5,4.77823333333333,0.568416666666667
43,MAHARASHTRA,SATARA,Karad,17.01499097748317,7.2,,6.3,1.75,220.23367054827756,64.4935,8.24,0.001973685,11.95,49000.0,2.31,0.3075
44,"""ARUNACHAL PRADESH""","""EAST SIANG""",Passighat,17.01499097748317,7.6275,,6.703154676138132,2.6815519541519084,75.0,69.28125,5.5,0.07788076145771602,1.175,28662.758076799753,3.6826225806451607,0.3672985530539035
45,"""UTTAR PRADESH""",RAMPUR,Rampur,17.01499097748317,7.764260379136993,,6.703154676138132,2.6815519541519084,220.23367054827756,131.77457374277378,37.22037571253798,0.07788076145771602,18.142366924447888,28662.758076799753,3.6826225806451607,0.3672985530539035
46,"""UTTAR PRADESH""",GORAKHPUR,Birdghat,17.01499097748317,8.23,,6.81416666666667,1.22333333333333,239.666666666667,166.656333333333,17.04,0.2852,19.28,28662.758076799753,3.6826225806451607,0.18683333333333302
47,"""UTTAR PRADESH""",MEERUT,Galeta,17.01499097748317,7.74166666666667,,0.953333333333333,85.4333333333333,693.333333333333,335.168833333333,117.974166666667,0.07788076145771602,88.1833333333333,28662.758076799753,3.6826225806451607,0.615833333333333
48,"""MADHYA PRADESH""",BURHANPUR,BURHANPUR,3.0833333333333304,8.1325,,6.84,1.8125,352.833333333333,110.226416666667,76.8333333333333,0.056666666666667,11.183333333333302,4000.0,3.6826225806451607,0.163333333333333
49,ASSAM,LAKHIMPUR,"""Ranganadi NT Road crossing""",17.01499097748317,7.5825,,8.2,2.6815519541519084,91.0,77.956325,5.0625,0.07788076145771602,1.2375,28662.758076799753,3.6826225806451607,0.3672985530539035
50,ODISHA,BALANGIR,Kesinga,17.01499097748317,8.35666666666667,,7.54166666666667,0.566666666666667,220.23367054827756,102.279925,15.333333333333302,0.07788076145771602,18.142366924447888,28662.758076799753,3.6826225806451607,0.3672985530539035
51,CHHATTISGARH,JANJGIRCHAMPA,Seorinarayan,17.01499097748317,7.764260379136993,,6.703154676138132,2.6815519541519084,220.23367054827756,131.77457374277378,37.22037571253798,0.07788076145771602,18.142366924447888,28662.758076799753,3.6826225806451607,0.3672985530539035
52,"""UTTAR PRADESH""",FATEHPUR,Koraold,17.01499097748317,8.1725,,6.703154676138132,2.6815519541519084,220.23367054827756,89.779855,16.95125,0.02415,20.88,28662.758076799753,3.6826225806451607,0.3135
53,ASSAM,CACHAR,Fulertal,17.01499097748317,6.95181818181818,,6.703154676138132,2.6815519541519084,70.0909090909091,76.3235454545455,13.0,0.07788076145771602,1.20090909090909,28662.758076799753,3.6826225806451607,0.3672985530539035
54,RAJASTHAN,DUNGARPUR,Paderdibadi,13.416666666666698,8.3175,,8.31666666666667,2.0416666666666696,314.83333333333303,189.582666666667,40.1666666666667,0.025833333333332997,11.51,178005.285714286,3.6826225806451607,0.729166666666667
55,"""ANDHRA PRADESH""",Y.S.R.,Singavaram,17.01499097748317,7.764260379136993,,6.703154676138132,2.6815519541519084,220.23367054827756,131.77457374277378,37.22037571253798,0.07788076145771602,18.142366924447888,28662.758076799753,3.6826225806451607,0.3672985530539035
56,BIHAR,DARBHANGA,Ekmighat,17.01499097748317,8.86666666666667,,6.703154676138132,2.37208333333333,207.416666666667,190.41041666666698,28.75,0.07788076145771602,6.0,28662.758076799753,3.6826225806451607,0.3672985530539035
57,"""UTTAR PRADESH""",HARDOI,Ankinghat,7.69166666666667,8.26833333333333,,6.09333333333333,4.04818181818182,217.5,244.33791666666698,20.353333333333303,0.35305,16.84,28662.758076799753,3.6826225806451607,0.3926666666666671
58,ASSAM,DIBRUGARH,Dibrugarh,17.01499097748317,7.5,,6.703154676138132,2.6815519541519084,82.5,81.7156125,4.4375,0.07788076145771602,1.16,28662.758076799753,3.6826225806451607,0.3672985530539035
59,"""UTTAR PRADESH""","""RAE BARELI""",Bhitaura,7.025,8.1325,,5.38833333333333,4.07363636363636,220.333333333333,233.26816666666699,22.63125,0.3611,15.88,28662.758076799753,3.6826225806451607,0.335666666666667
60,MEGHALAYA,"""JAINTIA HILLS""",kharkhana,17.01499097748317,3.8318181818181802,,6.703154676138132,2.6815519541519084,98.0,69.1924545454546,17.9090909090909,0.07788076145771602,1.2,28662.758076799753,3.6826225806451607,0.3672985530539035
61,UTTARAKHAND,HARDWAR,"""ROORKEE D/S""",17.01499097748317,7.764260379136993,,6.703154676138132,2.6815519541519084,220.23367054827756,131.77457374277378,37.22037571253798,0.07788076145771602,18.142366924447888,28662.758076799753,3.6826225806451607,0.3672985530539035
62,ASSAM,TINSUKIA,Margherita,17.01499097748317,7.6,,6.703154676138132,2.6815519541519084,67.0,67.5359,2.1666666666666696,0.07788076145771602,1.41,28662.758076799753,3.6826225806451607,0.3672985530539035
63,ASSAM,SIVASAGAR,Bihubar,17.01499097748317,7.69375,,6.703154676138132,2.6815519541519084,92.125,86.840475,5.8125,0.07788076145771602,1.195,28662.758076799753,3.6826225806451607,0.3672985530539035
64,BIHAR,GAYA,Gaya,17.01499097748317,8.1275,,6.703154676138132,2.6815519541519084,137.5,131.3686625,20.5,0.07788076145771602,13.85,28662.758076799753,3.6826225806451607,0.3672985530539035
65,"""MADHYA PRADESH""",BARWANI,Pati,14.2625,8.24125,,6.7,0.7,267.25,184.239625,16.075,0.036875,22.4875,28662.758076799753,3.6826225806451607,0.27125
66,KARNATAKA,UDUPI,YENNEHOLE,17.01499097748317,6.5725,,6.703154676138132,2.6815519541519084,220.23367054827756,11.05625,4.4375,0.0,1.716,28662.758076799753,0.98,0.1425
67,JHARKHAND,"""PURBI SINGHBHUM""",Ghatsila,17.01499097748317,7.551666666666669,,6.635833333333331,0.961666666666667,220.23367054827756,89.4028083333333,27.408333333333303,0.02415,33.275,28662.758076799753,3.6826225806451607,0.05
68,TELANGANA,KHAMMAM,Bhadrachalam,17.01499097748317,7.764260379136993,,6.703154676138132,2.6815519541519084,220.23367054827756,131.77457374277378,37.22037571253798,0.07788076145771602,18.142366924447888,28662.758076799753,3.6826225806451607,0.3672985530539035
69,TAMILNADU,VIRUDUNAGAR,IRRUKKANKUDI,17.01499097748317,7.764260379136993,,6.703154676138132,2.6815519541519084,220.23367054827756,131.77457374277378,37.22037571253798,0.07788076145771602,18.142366924447888,28662.758076799753,3.6826225806451607,0.3672985530539035
70,MAHARASHTRA,SATARA,Warunji,17.01499097748317,6.9,,5.7,0.85,220.23367054827756,44.298,5.21,0.005921045,17.0,275500.0,3.6826225806451607,0.2925
71,TAMILNADU,VILUPPURAM,Villupuram,17.01499097748317,7.764260379136993,,6.703154676138132,2.6815519541519084,220.23367054827756,131.77457374277378,37.22037571253798,0.07788076145771602,18.142366924447888,28662.758076799753,3.6826225806451607,0.3672985530539035
72,TAMILNADU,THENI,THENI,17.01499097748317,7.60375,,7.2875,1.6,205.0,76.7323875,15.77625,0.07788076145771602,5.5475,28662.758076799753,2.91,0.24525
73,"""UTTAR PRADESH""",JAUNPUR,MAIGHAT,17.01499097748317,8.155,,7.62166666666667,2.72833333333333,181.083333333333,162.430583333333,42.6666666666667,0.0,28.5,2375.0,16.0,0.4325
74,"""MADHYA PRADESH""",DHAR,Dhulsar,17.85,8.4005,,6.41666666666667,1.01666666666667,271.83333333333303,186.49716666666697,20.233333333333302,0.061666666666666994,30.9883333333333,28662.758076799753,3.6826225806451607,0.266
75,UTTARAKHAND,UTTARKASHI,Uttarkashi,17.01499097748317,7.90083333333333,,8.08333333333333,1.1175,104.273333333333,57.1666666666667,9.08333333333333,0.033925,19.0,28662.758076799753,3.6826225806451607,0.26
76,"""UTTAR PRADESH""",HAMIRPUR,MOHANA,17.01499097748317,8.45,,6.703154676138132,2.6815519541519084,220.23367054827756,139.552333333333,21.3,0.0368,6.72,28662.758076799753,3.6826225806451607,0.29766666666666697
77,DELHI,"""NORTH WEST""",Palla,17.01499097748317,7.6775,,7.625,4.74083333333333,298.83333333333303,175.516666666667,52.95,0.07788076145771602,62.7083333333333,28662.758076799753,3.6826225806451607,0.38
78,TAMILNADU,VELLORE,Arcot,17.01499097748317,7.764260379136993,,6.703154676138132,2.6815519541519084,220.23367054827756,131.77457374277378,37.22037571253798,0.07788076145771602,18.142366924447888,28662.758076799753,3.6826225806451607,0.3672985530539035
79,MAHARASHTRA,PARBHANI,Zari,17.01499097748317,7.764260379136993,,6.703154676138132,2.6815519541519084,220.23367054827756,131.77457374277378,37.22037571253798,0.07788076145771602,18.142366924447888,28662.758076799753,3.6826225806451607,0.3672985530539035
80,"""UTTAR PRADESH""",PRAYAGRAJ,"""MEJA ROAD""",17.01499097748317,8.14916666666667,,7.30333333333333,2.7933333333333303,146.75,159.302666666667,19.3333333333333,0.006083333333333,14.083333333333302,1075.0,8.0,0.4225
81,MAHARASHTRA,YAVATMAL,"""P.G. Bridge""",4.41666666666667,8.365,,7.31666666666667,2.25,220.23367054827756,224.55675,26.309166666666698,0.00785,12.535,21995.8333333333,3.20116666666667,0.4625833333333329
82,TAMILNADU,SALEM,THEVUR,17.01499097748317,8.04,,6.703154676138132,2.6815519541519084,220.23367054827756,256.42725,57.9625,0.07788076145771602,46.5625,28662.758076799753,3.6826225806451607,0.72075
83,RAJASTHAN,CHITTAURGARH,Chittorgarh,17.01499097748317,7.764260379136993,,6.703154676138132,2.6815519541519084,220.23367054827756,131.77457374277378,37.22037571253798,0.07788076145771602,18.142366924447888,28662.758076799753,3.6826225806451607,0.3672985530539035
84,ASSAM,TINSUKIA,Dholabazar,17.01499097748317,7.7,,6.703154676138132,2.6815519541519084,186.5,179.48325,12.0,0.07788076145771602,1.28,28662.758076799753,3.6826225806451607,0.3672985530539035
85,UTTARAKHAND,DEHRADUN,"""HARIDWAR U/S""",17.01499097748317,7.764260379136993,,6.703154676138132,2.6815519541519084,220.23367054827756,131.77457374277378,37.22037571253798,0.07788076145771602,18.142366924447888,28662.758076799753,3.6826225806451607,0.3672985530539035
86,MAHARASHTRA,BULDANA,YERLI,17.01499097748317,7.764260379136993,,6.703154676138132,2.6815519541519084,220.23367054827756,131.77457374277378,37.22037571253798,0.07788076145771602,18.142366924447888,28662.758076799753,3.6826225806451607,0.3672985530539035
87,ODISHA,ANUGUL,Talcher,17.01499097748317,7.73333333333333,,7.7275,0.348333333333333,220.23367054827756,51.354175,12.541666666666698,0.001254545454545,10.9916666666667,28662.758076799753,3.6826225806451607,0.05
88,TELANGANA,NALGONDA,Halia,3.4219999999999997,8.1,,6.0888888888888895,0.8,537.2,209.9667,79.87,1e-05,56.47,1605.0,3.6826225806451607,0.98
89,"""MADHYA PRADESH""",GUNA,"""A.B.Road Xing""",17.01499097748317,7.764260379136993,,6.703154676138132,2.6815519541519084,220.23367054827756,131.77457374277378,37.22037571253798,0.07788076145771602,18.142366924447888,28662.758076799753,3.6826225806451607,0.3672985530539035
90,TELANGANA,KHAMMAM,Sangam,26.76,7.98,,6.25,0.75,268.0,160.80007,22.9,0.0,39.88,6736.0,4.7173,0.836
91,"""UTTAR PRADESH""",SULTANPUR,SULTANPUR,17.01499097748317,8.31166666666667,,7.54,2.9366666666666696,204.666666666667,181.69641666666698,27.25,0.0,24.25,3125.0,2.0,0.3768333333333329
92,"""UTTAR PRADESH""",LUCKNOW,"""Lucknow (Hanuman Setu)""",4.1,8.12833333333333,,3.51,11.816666666666698,263.33333333333303,242.21083333333303,21.507083333333302,0.368,16.24,28662.758076799753,3.6826225806451607,0.3530833333333329
93,TELANGANA,KHAMMAM,Madhira,17.01499097748317,7.764260379136993,,6.703154676138132,2.6815519541519084,220.23367054827756,131.77457374277378,37.22037571253798,0.07788076145771602,18.142366924447888,28662.758076799753,3.6826225806451607,0.3672985530539035
94,"""MADHYA PRADESH""",BALAGHAT,Kumhari,4.225,7.9775,,6.74166666666667,2.2083333333333304,220.23367054827756,159.637416666667,8.6025,0.004608333333333,8.35166666666667,7537.66666666667,3.9317,0.36735
95,TRIPURA,"""SOUTH TRIPURA""","""NUTANBAZAR GD SITE""",17.01499097748317,7.764260379136993,,6.703154676138132,2.6815519541519084,220.23367054827756,131.77457374277378,37.22037571253798,0.07788076145771602,18.142366924447888,28662.758076799753,3.6826225806451607,0.3672985530539035
96,ASSAM,LAKHIMPUR,Badatighat,17.01499097748317,7.51,,6.703154676138132,2.6815519541519084,98.5,79.89045,7.0625,0.07788076145771602,1.1825,28662.758076799753,3.6826225806451607,0.3672985530539035
97,UTTARAKHAND,GARHWAL,"""SATPULI U/S""",17.01499097748317,7.764260379136993,,6.703154676138132,2.6815519541519084,220.23367054827756,131.77457374277378,37.22037571253798,0.07788076145771602,18.142366924447888,28662.758076799753,3.6826225806451607,0.3672985530539035
98,BIHAR,SAHARSA,Baltara,17.01499097748317,7.65333333333333,,6.703154676138132,1.9609999999999999,152.416666666667,198.238083333333,18.7575,0.07788076145771602,13.166666666666698,28662.758076799753,3.6826225806451607,0.3672985530539035
99,TAMILNADU,THIRUVARUR,Annavasal,17.01499097748317,7.78,,6.703154676138132,1.46,106.0,79.5333,25.52,0.07788076145771602,8.94,28662.758076799753,3.6826225806451607,0.34
100,CHHATTISGARH,BILASPUR,Ghatora,17.01499097748317,7.89555555555556,,6.51111111111111,4.68888888888889,220.23367054827756,165.447222222222,34.6666666666667,0.07788076145771602,18.142366924447888,28662.758076799753,3.6826225806451607,0.3672985530539035
101,"""ARUNACHAL PRADESH""","""WEST SIANG""","""Kabu basti (Kambang)""",17.01499097748317,7.764260379136993,,6.703154676138132,2.6815519541519084,220.23367054827756,131.77457374277378,37.22037571253798,0.07788076145771602,18.142366924447888,28662.758076799753,3.6826225806451607,0.3672985530539035
102,ODISHA,GAJAPATI,Kashinagar,17.01499097748317,7.75833333333333,,6.703154676138132,2.6815519541519084,220.23367054827756,55.0694333333333,18.75,0.0023,22.1833333333333,28662.758076799753,3.6826225806451607,0.05
103,BIHAR,"""PURBA CHAMPARAN""",Dumariaghat,17.01499097748317,7.764260379136993,,6.703154676138132,2.6815519541519084,220.23367054827756,131.77457374277378,37.22037571253798,0.07788076145771602,18.142366924447888,28662.758076799753,3.6826225806451607,0.3672985530539035
104,TRIPURA,"""NORTH TRIPURA""","""KUMARGHAT GD SITE""",17.01499097748317,7.764260379136993,,6.703154676138132,2.6815519541519084,220.23367054827756,131.77457374277378,37.22037571253798,0.07788076145771602,18.142366924447888,28662.758076799753,3.6826225806451607,0.3672985530539035
105,ASSAM,HAILAKANDI,MATIJURI,17.01499097748317,6.94916666666667,,6.703154676138132,2.6815519541519084,91.1666666666667,82.7736416666667,13.416666666666698,0.07788076145771602,1.20166666666667,28662.758076799753,3.6826225806451607,0.3672985530539035
106,"""UTTAR PRADESH""",MATHURA,"""Mathura (Gokul Barrage)""",17.01499097748317,7.764260379136993,,6.703154676138132,2.6815519541519084,220.23367054827756,131.77457374277378,37.22037571253798,0.07788076145771602,18.142366924447888,28662.758076799753,3.6826225806451607,0.3672985530539035
107,UTTARAKHAND,RUDRAPRAYAG,"""AUGUSTMUNI D/S""",17.01499097748317,7.764260379136993,,6.703154676138132,2.6815519541519084,220.23367054827756,131.77457374277378,37.22037571253798,0.07788076145771602,18.142366924447888,28662.758076799753,3.6826225806451607,0.3672985530539035
108,JHARKHAND,DUMKA,Maharo,17.01499097748317,8.03333333333333,,6.703154676138132,2.6815519541519084,220.23367054827756,120.615,17.8683333333333,0.07788076145771602,2.24,28662.758076799753,3.6826225806451607,0.3672985530539035
109,ASSAM,DIBRUGARH,"""Chenimari (Khowang)""",17.01499097748317,7.35,,8.7,2.6815519541519084,59.0,92.6458,6.8125,0.07788076145771602,1.2575,28662.758076799753,3.6826225806451607,0.3672985530539035
110,TELANGANA,MAHBUBNAGAR,"""K. Agraharam""",17.01499097748317,7.764260379136993,,6.703154676138132,2.6815519541519084,220.23367054827756,131.77457374277378,37.22037571253798,0.07788076145771602,18.142366924447888,28662.758076799753,3.6826225806451607,0.3672985530539035
111,ODISHA,RAYAGADA,Gunupur,17.01499097748317,7.764260379136993,,6.703154676138132,2.6815519541519084,220.23367054827756,131.77457374277378,37.22037571253798,0.07788076145771602,18.142366924447888,28662.758076799753,3.6826225806451607,0.3672985530539035
112,KARNATAKA,"""DAKSHINA KANNADA""",BANTWAL,17.01499097748317,7.018,,6.364,1.074,220.23367054827756,19.315,5.4670000000000005,0.005520000000000001,2.2848,28662.758076799753,2.48,0.1824
113,ASSAM,SIVASAGAR,Nanglamoraghat,17.01499097748317,7.42875,,6.703154676138132,2.6815519541519084,73.75,90.0457125,9.25,0.07788076145771602,1.2425,28662.758076799753,3.6826225806451607,0.3672985530539035
114,UTTARAKHAND,HARDWAR,Haridwar,17.01499097748317,7.764260379136993,,6.703154676138132,2.6815519541519084,220.23367054827756,131.77457374277378,37.22037571253798,0.07788076145771602,18.142366924447888,28662.758076799753,3.6826225806451607,0.3672985530539035
115,KERALA,ERNAKULAM,RAMAMANGALAM,17.01499097748317,6.95666666666667,,6.35,0.4566666666666671,38.3333333333333,20.0277833333333,8.51666666666667,0.030166666666667005,0.9,1460.0,2.975,0.20716666666666697
116,ASSAM,BAKSA,Suklai,32.65,6.915,,6.703154676138132,2.6815519541519084,131.5,116.1085,12.0,0.0,1.13,28662.758076799753,3.6826225806451607,0.3672985530539035
117,"""MADHYA PRADESH""",RATLAM,Tal,17.01499097748317,7.764260379136993,,6.703154676138132,2.6815519541519084,220.23367054827756,131.77457374277378,37.22037571253798,0.07788076145771602,18.142366924447888,28662.758076799753,3.6826225806451607,0.3672985530539035
118,TAMILNADU,CUDDALORE,Kudalaiyathur,17.01499097748317,8.16,,6.703154676138132,2.235,248.5,120.37485,76.57,0.07788076145771602,40.065,28662.758076799753,3.61,0.42
119,"""UTTAR PRADESH""",MATHURA,"""Mathura (Prayag ghat)""",17.01499097748317,7.68125,,4.66416666666667,27.9422222222222,631.625,274.189388888889,148.393333333333,0.07788076145771602,87.2375,28662.758076799753,3.6826225806451607,0.5229166666666671
120,MAHARASHTRA,AHMADNAGAR,Pachegaon,17.01499097748317,7.764260379136993,,6.703154676138132,2.6815519541519084,220.23367054827756,131.77457374277378,37.22037571253798,0.07788076145771602,18.142366924447888,28662.758076799753,3.6826225806451607,0.3672985530539035
121,"""ANDHRA PRADESH""","""EAST GODAVARI""",Polavaram,9.35916666666667,8.00833333333333,,6.5333333333333306,1.19166666666667,165.5,97.3541583333333,10.7083333333333,0.0,14.858333333333302,7288.66666666667,1.7303333333333302,0.23666666666666697
122,"""WEST BENGAL""",PURULIYA,Muri,17.01499097748317,7.9666666666666694,,7.34666666666667,1.17666666666667,220.23367054827756,105.67355833333299,29.641666666666698,0.0092,40.75,28662.758076799753,3.6826225806451607,0.05
123,KERALA,THRISSUR,ARANGALI,17.01499097748317,6.92,,6.38333333333333,0.55,31.1666666666667,17.8889,7.48333333333333,0.037833333333333,0.716666666666667,930.0,3.575,0.17716666666666697
124,ODISHA,BAUDA,Kantamal,17.01499097748317,8.26583333333333,,7.5333333333333306,0.575,220.23367054827756,91.8264166666667,15.583333333333302,0.07788076145771602,18.142366924447888,28662.758076799753,3.6826225806451607,0.3672985530539035
125,"""WEST BENGAL""",MURSHIDABAD,FARAKKA(HR),17.01499097748317,7.764260379136993,,6.703154676138132,2.6815519541519084,220.23367054827756,208.561166666667,16.415833333333303,0.07788076145771602,6.88,28662.758076799753,3.6826225806451607,0.3672985530539035
126,"""UTTAR PRADESH""",ETAWAH,Etawah,17.01499097748317,8.17333333333333,,6.703154676138132,0.0,220.23367054827756,257.883,142.956111111111,0.18216,60.4266666666667,28662.758076799753,3.6826225806451607,0.46666666666666706
127,RAJASTHAN,"""SAWAI MADHOPUR""",Baranwada,17.01499097748317,7.764260379136993,,6.703154676138132,2.6815519541519084,220.23367054827756,131.77457374277378,37.22037571253798,0.07788076145771602,18.142366924447888,28662.758076799753,3.6826225806451607,0.3672985530539035
128,CHHATTISGARH,JANJGIRCHAMPA,Basantpur,17.01499097748317,8.01333333333333,,6.5,0.833333333333333,220.23367054827756,128.750058333333,22.4166666666667,0.07788076145771602,18.142366924447888,28662.758076799753,3.6826225806451607,0.3672985530539035
129,"""UTTAR PRADESH""",AGRA,AGRA(POIYAGHAT),17.01499097748317,8.025,,6.703154676138132,2.6815519541519084,220.23367054827756,279.25729166666696,170.237291666667,1.05846,66.98,28662.758076799753,3.6826225806451607,0.4433333333333329
130,"""MADHYA PRADESH""",JABALPUR,Patan,81.3416666666667,7.94,,5.74166666666667,1.40833333333333,257.91666666666697,195.393633333333,18.5583333333333,0.050666666666667,10.28,28662.758076799753,3.6826225806451607,0.3934166666666671
131,DELHI,NORTH,"""Delhi Railway Bridge""",17.01499097748317,7.495,,3.84566666666667,34.4875,631.25,286.691444444444,151.941388888889,0.07788076145771602,99.1333333333333,28662.758076799753,3.6826225806451607,0.597777777777778
132,TRIPURA,"""WEST TRIPURA""",Sonamura,17.01499097748317,7.764260379136993,,6.703154676138132,2.6815519541519084,220.23367054827756,131.77457374277378,37.22037571253798,0.07788076145771602,18.142366924447888,28662.758076799753,3.6826225806451607,0.3672985530539035
133,TAMILNADU,THIRUVARUR,Peralam,17.01499097748317,8.0,,6.703154676138132,1.26,94.5,64.9208,25.52,0.07788076145771602,6.435,28662.758076799753,1.23,0.24
134,BIHAR,PATNA,"""Patna Gandhighat""",17.01499097748317,8.15416666666667,,6.703154676138132,2.69491666666667,238.666666666667,199.014583333333,31.25,0.07788076145771602,11.25,28662.758076799753,3.6826225806451607,0.3672985530539035
135,RAJASTHAN,KOTA,Barod,17.01499097748317,7.764260379136993,,6.703154676138132,2.6815519541519084,220.23367054827756,131.77457374277378,37.22037571253798,0.07788076145771602,18.142366924447888,28662.758076799753,3.6826225806451607,0.3672985530539035
136,"""UTTAR PRADESH""",BALRAMPUR,Balrampur,17.01499097748317,8.28083333333333,,6.74833333333333,0.979166666666667,240.583333333333,163.72925,16.7145833333333,0.22425,16.544,28662.758076799753,3.6826225806451607,0.17258333333333303
137,"""UTTAR PRADESH""",BANDA,BANDA,17.01499097748317,8.2725,,6.703154676138132,2.6815519541519084,220.23367054827756,150.92825,21.03375,0.0483,8.88,28662.758076799753,3.6826225806451607,0.32775
138,"""MADHYA PRADESH""","""WEST NIMAR""",kogaon,27.016666666666698,8.39666666666667,,6.38333333333333,1.06666666666667,280.16666666666697,198.93316666666698,16.45,0.030666666666667005,28.446666666666697,28662.758076799753,3.6826225806451607,0.2005
139,MAHARASHTRA,GARHCHIROLI,Wairagarh,17.01499097748317,7.764260379136993,,6.703154676138132,2.6815519541519084,220.23367054827756,131.77457374277378,37.22037571253798,0.07788076145771602,18.142366924447888,28662.758076799753,3.6826225806451607,0.3672985530539035
140,KARNATAKA,YADGIR,Yadgir,3.904,8.22,,6.56,1.64,394.8,193.2502,48.36,0.00016,71.28,1296.0,5.98,0.594
141,BIHAR,PATNA,Sripalpur,17.01499097748317,8.46,,6.703154676138132,2.6815519541519084,227.0,169.140333333333,21.4,0.07788076145771602,18.142366924447888,28662.758076799753,3.6826225806451607,0.3672985530539035
142,KERALA,PALAKKAD,MANKARA,17.01499097748317,7.175,,4.91666666666667,1.45,135.833333333333,73.30555,16.8666666666667,0.101333333333333,3.2333333333333303,1380.0,4.0,1.49666666666667
143,ODISHA,ANUGUL,Tikarpara,17.01499097748317,7.928,,7.029,0.45899999999999996,220.23367054827756,64.125,19.4,0.0,18.18,28662.758076799753,3.6826225806451607,0.05
144,MAHARASHTRA,WARDHA,Nandgaon,1.47,8.27,,6.54,1.49,220.23367054827756,222.1433,22.649,0.010881818181818001,17.24,34000.0,2.82905,0.33173
145,ASSAM,GOLAGHAT,Numaligarh,17.01499097748317,7.58625,,6.703154676138132,2.6815519541519084,81.375,94.1562,7.375,0.07788076145771602,1.225,28662.758076799753,3.6826225806451607,0.3672985530539035
146,UTTARAKHAND,"""TEHRI GARHWAL""","""KIRTINAGAR U/S""",17.01499097748317,7.764260379136993,,6.703154676138132,2.6815519541519084,220.23367054827756,131.77457374277378,37.22037571253798,0.07788076145771602,18.142366924447888,28662.758076799753,3.6826225806451607,0.3672985530539035
147,ASSAM,BARPETA,"""Beki Road bridge""",1.96666666666667,7.9933333333333305,,6.703154676138132,0.866666666666667,84.4666666666667,160.125,3.05,0.07788076145771602,22.5,28662.758076799753,3.6826225806451607,0.3672985530539035
148,"""UTTAR PRADESH""",AGRA,Agra(J.B.),17.01499097748317,7.764260379136993,,6.703154676138132,2.6815519541519084,220.23367054827756,131.77457374277378,37.22037571253798,0.07788076145771602,18.142366924447888,28662.758076799753,3.6826225806451607,0.3672985530539035
149,TAMILNADU,ERODE,THENGUMARAHADA,17.01499097748317,7.445,,6.94166666666667,0.933333333333333,81.5,57.652775,23.085,0.07788076145771602,3.835,28662.758076799753,2.29,0.069666666666667
150,JHARKHAND,SARAIKELAKHARSAWAN,Adityapur,17.01499097748317,7.75416666666667,,6.57083333333333,0.6475,220.23367054827756,132.451408333333,27.3166666666667,0.00575,34.8,28662.758076799753,3.6826225806451607,0.05
151,TAMILNADU,THENI,"""VAIGAI DAM""",17.01499097748317,7.764260379136993,,6.703154676138132,2.6815519541519084,220.23367054827756,131.77457374277378,37.22037571253798,0.07788076145771602,18.142366924447888,28662.758076799753,3.6826225806451607,0.3672985530539035
152,"""ANDHRA PRADESH""",ANANTAPUR,Tadipatri,17.01499097748317,8.22,,6.703154676138132,1.43,89.0,46.1,19.85,0.07788076145771602,7.5,28662.758076799753,3.6826225806451607,0.29
153,BIHAR,LAKHISARAI,Lakhisarai,17.01499097748317,8.24516666666667,,6.703154676138132,2.6815519541519084,184.5,139.751166666667,19.4,0.07788076145771602,10.0,28662.758076799753,3.6826225806451607,0.3672985530539035
154,ASSAM,BAKSA,Matunga,17.01499097748317,7.764260379136993,,6.703154676138132,2.6815519541519084,220.23367054827756,131.77457374277378,37.22037571253798,0.07788076145771602,18.142366924447888,28662.758076799753,3.6826225806451607,0.3672985530539035
155,TRIPURA,"""WEST TRIPURA""",HAORA,17.01499097748317,7.764260379136993,,6.703154676138132,2.6815519541519084,220.23367054827756,131.77457374277378,37.22037571253798,0.07788076145771602,18.142366924447888,28662.758076799753,3.6826225806451607,0.3672985530539035
156,ASSAM,CACHAR,"""AP Ghat""",17.01499097748317,6.84,,6.703154676138132,2.6815519541519084,72.9166666666667,75.6027583333333,12.666666666666698,0.07788076145771602,1.21833333333333,28662.758076799753,3.6826225806451607,0.3672985530539035
157,TRIPURA,"""SOUTH TRIPURA""",Belonia,17.01499097748317,7.764260379136993,,6.703154676138132,2.6815519541519084,220.23367054827756,131.77457374277378,37.22037571253798,0.07788076145771602,18.142366924447888,28662.758076799753,3.6826225806451607,0.3672985530539035
158,RAJASTHAN,KOTA,Khatoli,17.01499097748317,7.764260379136993,,6.703154676138132,2.6815519541519084,220.23367054827756,131.77457374277378,37.22037571253798,0.07788076145771602,18.142366924447888,28662.758076799753,3.6826225806451607,0.3672985530539035
159,MAHARASHTRA,NANDED,Degloor,17.01499097748317,7.764260379136993,,6.703154676138132,2.6815519541519084,220.23367054827756,131.77457374277378,37.22037571253798,0.07788076145771602,18.142366924447888,28662.758076799753,3.6826225806451607,0.3672985530539035
160,BIHAR,PURNIA,Azamabad,17.01499097748317,8.36333333333333,,6.703154676138132,2.6815519541519084,226.666666666667,156.3265,24.5,0.07788076145771602,8.0,28662.758076799753,3.6826225806451607,0.3672985530539035
161,"""ANDHRA PRADESH""",Y.S.R.,Alladupalli,17.01499097748317,7.55666666666667,,5.78666666666667,2.2308333333333303,466.583333333333,164.243083333333,159.530833333333,0.07788076145771602,100.416666666667,28662.758076799753,1.95,0.828833333333333
162,ASSAM,HAILAKANDI,Matizuri,17.01499097748317,6.94916666666667,,6.703154676138132,2.6815519541519084,91.1666666666667,82.7736416666667,13.416666666666698,0.07788076145771602,1.20166666666667,28662.758076799753,3.6826225806451607,0.3672985530539035
163,TAMILNADU,KANCHEEPURAM,Chengalpet,17.01499097748317,7.6975,,6.703154676138132,1.0175,289.0,131.583,98.14,0.07788076145771602,14.1,28662.758076799753,3.6826225806451607,0.3315
164,MAHARASHTRA,PARBHANI,Dhalegaon,17.01499097748317,7.764260379136993,,6.703154676138132,2.6815519541519084,220.23367054827756,131.77457374277378,37.22037571253798,0.07788076145771602,18.142366924447888,28662.758076799753,3.6826225806451607,0.3672985530539035
165,"""MADHYA PRADESH""",SATNA,"""Satna (PannaKhajuraho Bridge)""",17.01499097748317,7.764260379136993,,6.703154676138132,2.6815519541519084,220.23367054827756,131.77457374277378,37.22037571253798,0.07788076145771602,18.142366924447888,28662.758076799753,3.6826225806451607,0.3672985530539035
166,"""WEST BENGAL""",BARDDHAMAN,"""KALNA (EBB)""",17.01499097748317,7.764260379136993,,6.703154676138132,2.6815519541519084,220.23367054827756,183.275,15.323333333333302,0.07788076145771602,16.6,28662.758076799753,3.6826225806451607,0.3672985530539035
167,MAHARASHTRA,NANDED,Nanded,17.01499097748317,7.764260379136993,,6.703154676138132,2.6815519541519084,220.23367054827756,131.77457374277378,37.22037571253798,0.07788076145771602,18.142366924447888,28662.758076799753,3.6826225806451607,0.3672985530539035
168,ASSAM,CACHAR,TULARGRAM,2.55,6.87,,6.703154676138132,2.6815519541519084,73.0,64.5,11.5,0.07788076145771602,1.16,28662.758076799753,3.6826225806451607,0.3672985530539035
169,ODISHA,JAJAPUR,Jenapur,17.01499097748317,7.6583333333333306,,7.11583333333333,0.4483333333333329,220.23367054827756,55.1944333333333,12.8833333333333,0.00805,9.8,28662.758076799753,3.6826225806451607,0.05
170,"""ANDHRA PRADESH""",GUNTUR,Vijayawada,2.72,8.35,,6.75,1.2,378.5,147.79175,42.175,0.0,28.75,1325.5,3.6826225806451607,0.58
171,MAHARASHTRA,NANDURBAR,SARANGKHEDA,2.5,8.025,,9.4,1.35,301.25,112.65,68.0,0.05,11.55,1600.0,3.6826225806451607,0.135
172,"""ANDHRA PRADESH""",SRIKAKULAM,Srikakulam,17.01499097748317,7.764260379136993,,6.703154676138132,2.6815519541519084,220.23367054827756,131.77457374277378,37.22037571253798,0.07788076145771602,18.142366924447888,28662.758076799753,3.6826225806451607,0.3672985530539035
173,"""WEST BENGAL""",BARDDHAMAN,KATWA,17.01499097748317,7.764260379136993,,6.703154676138132,2.6815519541519084,220.23367054827756,174.4055,16.448333333333302,0.07788076145771602,13.92,28662.758076799753,3.6826225806451607,0.3672985530539035
174,JHARKHAND,PALAMU,"""Mohammad Ganj""",17.01499097748317,7.764260379136993,,6.703154676138132,2.6815519541519084,220.23367054827756,131.77457374277378,37.22037571253798,0.07788076145771602,18.142366924447888,28662.758076799753,3.6826225806451607,0.3672985530539035
175,UTTARAKHAND,DEHRADUN,"""RISHIKESH U/S""",17.01499097748317,7.764260379136993,,6.703154676138132,2.6815519541519084,220.23367054827756,131.77457374277378,37.22037571253798,0.07788076145771602,18.142366924447888,28662.758076799753,3.6826225806451607,0.3672985530539035
176,TAMILNADU,KRISHNAGIRI,GUMMANUR,17.01499097748317,8.035,,7.65,3.375,690.5,322.086833333333,178.09916666666697,0.01,27.3266666666667,28662.758076799753,2.435,0.5154166666666671
177,ASSAM,CACHAR,GUMRA,17.01499097748317,6.75166666666667,,6.703154676138132,2.6815519541519084,42.75,55.545875,12.083333333333302,0.07788076145771602,1.20833333333333,28662.758076799753,3.6826225806451607,0.3672985530539035
178,MAHARASHTRA,THANE,Badlapur,17.01499097748317,7.16666666666667,,4.94,1.04166666666667,220.23367054827756,59.2113333333333,11.625833333333302,0.013859108333333,11.858333333333302,47709.0909090909,2.8682333333333303,0.285083333333333
179,"""UTTAR PRADESH""",BAREILLY,Bareilly,5.76666666666667,7.885,,5.3825,4.36083333333333,312.08333333333303,320.401166666667,23.400416666666697,0.3381,22.24,28662.758076799753,3.6826225806451607,0.4433333333333329
180,PONDICHERRY,KARAIKAL,Nallathur,17.01499097748317,8.115,,6.703154676138132,1.55,495.0,156.4165,171.575,0.07788076145771602,35.295,28662.758076799753,2.78,0.84
181,ASSAM,JORHAT,Neamatighat,17.01499097748317,7.49875,,6.703154676138132,2.6815519541519084,86.75,82.7498625,6.6875,0.07788076145771602,1.1975,28662.758076799753,3.6826225806451607,0.3672985530539035
182,TAMILNADU,ERODE,SAVANDAPUR,17.01499097748317,7.6925,,6.45833333333333,1.625,148.9,117.4277,26.595833333333303,0.07788076145771602,14.7175,28662.758076799753,5.98,0.20708333333333304
183,"""MADHYA PRADESH""",NARSIMHAPUR,Belkhedi,48.425,8.04166666666667,,6.525,0.808333333333333,244.5,201.40558333333303,9.4,0.03275,8.25666666666667,28662.758076799753,3.6826225806451607,0.21091666666666697
184,TAMILNADU,DHARMAPURI,HOGENAKKAL,17.01499097748317,7.764260379136993,,6.703154676138132,2.6815519541519084,220.23367054827756,131.77457374277378,37.22037571253798,0.07788076145771602,18.142366924447888,28662.758076799753,3.6826225806451607,0.3672985530539035
185,GUJARAT,SURAT,MAHUWA,2.3333333333333304,7.76666666666667,,7.3,1.45,327.16666666666697,113.0501,83.6666666666667,0.0675,13.4,3000.0,3.6826225806451607,0.133333333333333
186,"""UTTAR PRADESH""",AURAIYA,Auraiya,17.01499097748317,8.25666666666667,,6.703154676138132,2.6815519541519084,220.23367054827756,186.083916666667,69.4320833333333,0.20815,39.56,28662.758076799753,3.6826225806451607,0.5304166666666671
187,TAMILNADU,KANCHEEPURAM,Magaral,17.01499097748317,7.764260379136993,,6.703154676138132,2.6815519541519084,220.23367054827756,131.77457374277378,37.22037571253798,0.07788076145771602,18.142366924447888,28662.758076799753,3.6826225806451607,0.3672985530539035
188,"""MADHYA PRADESH""","""WEST NIMAR""",Mortakka,17.01499097748317,7.764260379136993,,6.703154676138132,2.6815519541519084,220.23367054827756,131.77457374277378,37.22037571253798,0.07788076145771602,18.142366924447888,28662.758076799753,3.6826225806451607,0.3672985530539035
189,"""UTTAR PRADESH""",KAUSHAMBI,PRATAPPUR,17.01499097748317,8.37083333333333,,6.703154676138132,1.46666666666667,220.23367054827756,209.524520833333,57.3372916666667,0.1058,35.6025,0.0,3.6826225806451607,0.347833333333333
190,TAMILNADU,COIMBATORE,NELLITHURAI,17.01499097748317,7.5975,,7.93333333333333,0.716666666666667,17.2,25.1763775,5.908333333333339,0.07788076145771602,2.2291666666666696,28662.758076799753,5.625,0.071133333333333
191,KERALA,MALAPPURAM,PULAMANTHOLE,17.01499097748317,6.795,,6.55,0.7183333333333329,40.0,23.19445,8.75,0.0145,0.933333333333333,1320.0,3.56,0.154666666666667
192,BIHAR,DARBHANGA,Hayaghat,17.01499097748317,7.9975,,6.703154676138132,1.9210833333333301,217.333333333333,192.9035,25.1666666666667,0.07788076145771602,8.46666666666667,28662.758076799753,3.6826225806451607,0.3672985530539035
193,MAHARASHTRA,CHANDRAPUR,Ashti,5.45,8.35833333333333,,6.54166666666667,1.85833333333333,220.23367054827756,142.519475,20.09,0.0054,25.2616666666667,17090.0,3.79856666666667,0.4256666666666671
194,"""MADHYA PRADESH""",UJJAIN,Ujjain,17.01499097748317,7.764260379136993,,6.703154676138132,2.6815519541519084,220.23367054827756,131.77457374277378,37.22037571253798,0.07788076145771602,18.142366924447888,28662.758076799753,3.6826225806451607,0.3672985530539035
195,"""UTTAR PRADESH""","""SIDDHARTH NAGAR""",Chandradeepghat,4.1,8.12833333333333,,3.51,11.816666666666698,263.33333333333303,242.21083333333303,21.507083333333302,0.368,16.24,28662.758076799753,3.6826225806451607,0.3530833333333329
196,"""UTTAR PRADESH""",SONBHADRA,DUDHHI,1.14166666666667,8.24833333333333,,7.43666666666667,2.86166666666667,130.5,131.790166666667,27.5,0.0,21.5833333333333,1000.0,13.0,0.3838333333333329
197,ASSAM,BAKSA,DRF,11.275,7.235,,6.703154676138132,2.6815519541519084,104.0,105.36685,13.0,0.0,1.16,28662.758076799753,3.6826225806451607,0.3672985530539035
198,RAJASTHAN,JHALAWAR,Aklera,17.01499097748317,7.764260379136993,,6.703154676138132,2.6815519541519084,220.23367054827756,131.77457374277378,37.22037571253798,0.07788076145771602,18.142366924447888,28662.758076799753,3.6826225806451607,0.3672985530539035
199,JHARKHAND,SIMDEGA,Tilga,17.01499097748317,7.572,,7.506,0.278,220.23367054827756,31.233340000000002,12.22,0.12144,12.96,28662.758076799753,3.6826225806451607,0.05
200,KERALA,THIRUVANANTHAPURAM,AYILAM,17.01499097748317,6.70166666666667,,5.985,1.22166666666667,40.1666666666667,18.8888833333333,11.183333333333302,0.019166666666667,0.85,1460.0,2.385,0.18248333333333303
201,"""ARUNACHAL PRADESH""",CHANGLANG,Miao,17.01499097748317,7.825,,6.703154676138132,2.6815519541519084,82.5,74.9145125,4.5,0.07788076145771602,1.2375,28662.758076799753,3.6826225806451607,0.3672985530539035
202,KERALA,IDUKKI,VANDIPERIYAR,17.01499097748317,6.91166666666667,,5.31666666666667,1.12,70.3333333333333,34.548616666666696,12.433333333333302,0.024833333333332996,0.883333333333333,1600.0,4.93,0.256833333333333
203,"""HIMACHAL PRADESH""",SIRMAUR,Paonta,17.01499097748317,7.56833333333333,,6.62,1.23833333333333,183.5,137.009833333333,10.41,0.07788076145771602,42.8,28662.758076799753,3.6826225806451607,0.24166666666666697
204,"""UTTAR PRADESH""",AYODHYA,Ayodhya,17.01499097748317,8.3675,,6.7625,1.1441666666666699,181.75,156.616833333333,14.0225,0.22195,17.72,28662.758076799753,3.6826225806451607,0.177333333333333
205,"""UTTAR PRADESH""",JAUNPUR,"""Jaunpur (MG Marg Bridge)""",17.01499097748317,7.764260379136993,,6.703154676138132,2.6815519541519084,220.23367054827756,131.77457374277378,37.22037571253798,0.07788076145771602,18.142366924447888,28662.758076799753,3.6826225806451607,0.3672985530539035
206,TELANGANA,WARANGAL,Perur,8.08181818181818,7.88181818181818,,6.58181818181818,1.09090909090909,218.18181818181802,127.409118181818,14.647636363636401,0.0,22.264545454545498,2215.6363636363603,2.3968,0.36727272727272703
207,"""UTTAR PRADESH""",MIRZAPUR,MIRZAPUR,0.325,8.36166666666667,,7.525,3.0208333333333304,227.666666666667,167.033166666667,53.3333333333333,0.0,38.0,5608.33333333333,2.5,0.4888333333333329
208,ASSAM,KOKRAJHAR,Kokrajhar,1.73333333333333,7.89,,6.703154676138132,0.9,65.9666666666667,136.217,2.85666666666667,0.07788076145771602,18.5,28662.758076799753,3.6826225806451607,0.3672985530539035
209,ASSAM,BONGAIGAON,"""Manas N H Crossing""",2.6,8.053333333333331,,6.703154676138132,1.06666666666667,204.833333333333,160.375,3.5233333333333303,0.07788076145771602,20.5,28662.758076799753,3.6826225806451607,0.3672985530539035
210,TELANGANA,MAHBUBNAGAR,Bawapuram,2.52375,8.4,,6.4375,1.1875,558.125,167.60425,94.4,0.0,72.5625,2832.5,8.19,0.5975
211,"""ARUNACHAL PRADESH""","""LOWER SUBANSIRI""",Yazali,17.01499097748317,7.764260379136993,,6.703154676138132,2.6815519541519084,220.23367054827756,131.77457374277378,37.22037571253798,0.07788076145771602,18.142366924447888,28662.758076799753,3.6826225806451607,0.3672985530539035
212,"""MADHYA PRADESH""",HARDA,Handia,110.916666666667,8.2425,,6.7833333333333306,1.025,151.916666666667,124.670033333333,8.63333333333333,0.03358333333333299,8.23333333333333,28662.758076799753,3.6826225806451607,0.21025
213,MAHARASHTRA,GARHCHIROLI,Tekra,6.45,8.16333333333333,,6.31666666666667,5.175,220.23367054827756,202.97066666666697,21.59875,0.009891666666667,16.5783333333333,2475.0,3.63603333333333,0.4931666666666671
214,UTTARAKHAND,GARHWAL,"""KIRTINAGAR D/S""",17.01499097748317,7.764260379136993,,6.703154676138132,2.6815519541519084,220.23367054827756,131.77457374277378,37.22037571253798,0.07788076145771602,18.142366924447888,28662.758076799753,3.6826225806451607,0.3672985530539035
215,TAMILNADU,THIRUVARUR,Thengudi,17.01499097748317,7.7775,,5.26275,2.00375,261.25,106.3782125,86.83,0.07788076145771602,20.58875,28662.758076799753,0.44,0.36625
216,KERALA,MALAPPURAM,KUNIYIL,17.01499097748317,6.65166666666667,,6.40166666666667,0.673333333333333,55.3333333333333,27.1944333333333,8.26666666666667,0.044000000000000004,1.25,1600.0,5.545,0.16166666666666699
217,"""WEST BENGAL""",MURSHIDABAD,BERHAMPORE,17.01499097748317,7.764260379136993,,6.703154676138132,2.6815519541519084,220.23367054827756,193.92491666666697,15.7375,0.07788076145771602,17.72,28662.758076799753,3.6826225806451607,0.3672985530539035
218,"""UTTAR PRADESH""","""SIDDHARTH NAGAR""",Bansi,17.01499097748317,7.764260379136993,,6.703154676138132,2.6815519541519084,220.23367054827756,131.77457374277378,37.22037571253798,0.07788076145771602,18.142366924447888,28662.758076799753,3.6826225806451607,0.3672985530539035
219,ASSAM,KARIMGANJ,FAKIRABAZAR,17.01499097748317,6.85333333333333,,6.703154676138132,2.6815519541519084,66.0833333333333,66.28886666666669,13.166666666666698,0.07788076145771602,1.21583333333333,28662.758076799753,3.6826225806451607,0.3672985530539035
220,"""ANDHRA PRADESH""","""SRI POTTI SRIRAMULU NELLORE""","""Nellore CWC""",17.01499097748317,7.7033333333333305,,6.703154676138132,1.92777777777778,386.0,144.648,127.70333333333299,0.07788076145771602,62.6377777777778,28662.758076799753,3.1,0.6817777777777779
221,ASSAM,SIVASAGAR,Desangpani,17.01499097748317,7.30375,,6.703154676138132,2.6815519541519084,79.125,80.0344125,8.5625,0.07788076145771602,1.2075,28662.758076799753,3.6826225806451607,0.3672985530539035
222,"""MADHYA PRADESH""",SEHORE,Hoshangabad,76.175,8.11416666666667,,6.73333333333333,0.716666666666667,144.916666666667,119.898608333333,7.85833333333333,0.036333333333333,5.67333333333333,28662.758076799753,3.6826225806451607,0.19883333333333303
223,TRIPURA,"""WEST TRIPURA""",GAJARAIA,17.01499097748317,7.764260379136993,,6.703154676138132,2.6815519541519084,220.23367054827756,131.77457374277378,37.22037571253798,0.07788076145771602,18.142366924447888,28662.758076799753,3.6826225806451607,0.3672985530539035
224,"""UTTAR PRADESH""",FARRUKHABAD,Dabri,7.75833333333333,8.105,,5.21,4.02416666666667,274.75,304.09275,23.3116666666667,1.081,23.24,28662.758076799753,3.6826225806451607,0.4243333333333329
225,"""UTTAR PRADESH""",BASTI,Basti,17.01499097748317,8.11416666666667,,6.24,2.2225,273.91666666666697,160.501,24.6429166666667,0.3634,17.695999999999998,28662.758076799753,3.6826225806451607,0.18525
226,"""ARUNACHAL PRADESH""",LOHIT,Namsai,17.01499097748317,7.375,,6.703154676138132,2.6815519541519084,72.5,71.9842375,4.25,0.07788076145771602,1.24,28662.758076799753,3.6826225806451607,0.3672985530539035
227,ASSAM,GOLAGHAT,Gelabil,17.01499097748317,7.764260379136993,,6.703154676138132,2.6815519541519084,220.23367054827756,131.77457374277378,37.22037571253798,0.07788076145771602,18.142366924447888,28662.758076799753,3.6826225806451607,0.3672985530539035
228,MEGHALAYA,"""EAST KHASI HILLS""",THERRIAGHAT,17.01499097748317,7.08666666666667,,6.703154676138132,2.6815519541519084,39.5,56.971525,10.916666666666698,0.07788076145771602,1.20583333333333,28662.758076799753,3.6826225806451607,0.3672985530539035
229,ASSAM,TINSUKIA,Udaipur,17.01499097748317,7.625,,10.0333333333333,2.6815519541519084,69.25,78.010425,7.0,0.07788076145771602,1.1875,28662.758076799753,3.6826225806451607,0.3672985530539035
230,GUJARAT,"""SABAR KANTHA""","""Derol Bridge""",37.8,8.332,,7.78,0.78,319.6,159.1716,64.4,0.02,11.106,196030.0,3.6826225806451607,0.628
231,"""UTTAR PRADESH""",CHANDAULI,NARHAN,17.01499097748317,7.764260379136993,,6.703154676138132,2.6815519541519084,220.23367054827756,131.77457374277378,37.22037571253798,0.07788076145771602,18.142366924447888,28662.758076799753,3.6826225806451607,0.3672985530539035
232,"""UTTAR PRADESH""",PILIBHIT,"""Kabir Ganj""",17.01499097748317,7.764260379136993,,6.703154676138132,2.6815519541519084,220.23367054827756,131.77457374277378,37.22037571253798,0.07788076145771602,18.142366924447888,28662.758076799753,3.6826225806451607,0.3672985530539035
233,"""UTTAR PRADESH""",MUZAFFARNAGAR,Mawi,17.01499097748317,7.64727272727273,,6.64125,5.48727272727273,236.636363636364,169.048454545455,18.01,0.07788076145771602,44.7636363636364,28662.758076799753,3.6826225806451607,0.34454545454545504
234,UTTARAKHAND,GARHWAL,Rishikesh,17.01499097748317,8.02166666666667,,7.37666666666667,1.8575,149.533333333333,91.371525,10.0833333333333,0.036883636363636,19.9583333333333,28662.758076799753,3.6826225806451607,0.2775
235,KARNATAKA,UDUPI,AVERSHE,17.01499097748317,6.4575,,6.595,0.2725,220.23367054827756,12.0625,4.97,0.0069,1.716,28662.758076799753,2.08,0.12825
236,"""UTTAR PRADESH""",MORADABAD,Moradabad,5.06666666666667,7.94166666666667,,4.48583333333333,12.365,245.916666666667,282.09283333333303,21.9804166666667,1.06835,17.76,28662.758076799753,3.6826225806451607,0.4259166666666671
237,UTTARAKHAND,DEHRADUN,"""Tuini (Tons)""",17.01499097748317,7.6183333333333305,,5.8,1.88833333333333,79.1666666666667,48.6180666666667,8.16666666666667,0.07788076145771602,11.683333333333302,28662.758076799753,3.6826225806451607,0.131666666666667
238,JHARKHAND,JAMTARA,Jamtara,17.01499097748317,7.41666666666667,,6.703154676138132,2.6815519541519084,220.23367054827756,176.386,15.738333333333301,0.07788076145771602,23.52,28662.758076799753,3.6826225806451607,0.3672985530539035
239,MAHARASHTRA,BHANDARA,Pauni,3.43333333333333,7.89333333333333,,6.80833333333333,3.40833333333333,220.23367054827756,178.168025,16.33,0.014933333333333,20.9425,29500.0,3.06553333333333,0.3708333333333329
240,"""MADHYA PRADESH""",SINGRAULI,JHOKU,17.01499097748317,7.764260379136993,,6.703154676138132,2.6815519541519084,220.23367054827756,131.77457374277378,37.22037571253798,0.07788076145771602,18.142366924447888,28662.758076799753,3.6826225806451607,0.3672985530539035
241,"""ANDHRA PRADESH""","""SRI POTTI SRIRAMULU NELLORE""",Sulurpet,17.01499097748317,7.44333333333333,,5.78,1.13333333333333,217.0,76.4194333333333,79.04,0.07788076145771602,22.8266666666667,28662.758076799753,3.6826225806451607,0.53
242,BIHAR,MADHUBANI,Jainagar,17.01499097748317,8.276666666666669,,6.703154676138132,2.0675,207.0,198.14033333333302,26.8333333333333,0.07788076145771602,3.0,28662.758076799753,3.6826225806451607,0.3672985530539035
243,KERALA,ERNAKULAM,NEELEESWARAM,17.01499097748317,7.13,,6.6,1.01,26.1666666666667,14.965283333333302,5.4,0.040333333333333,0.716666666666667,892.0,5.845,0.11780999999999998
244,"""UTTAR PRADESH""",SAHARANPUR,Kalanaur,17.01499097748317,7.64833333333333,,7.358,0.845,174.666666666667,140.96655,10.3683333333333,0.07788076145771602,35.15,28662.758076799753,3.6826225806451607,0.226666666666667
245,"""ANDHRA PRADESH""",Y.S.R.,Kamalapuram,17.01499097748317,7.98333333333333,,6.703154676138132,1.14,143.333333333333,58.1777666666667,41.36,0.07788076145771602,19.553333333333303,28662.758076799753,3.6826225806451607,0.338333333333333
246,"""UTTAR PRADESH""",KAUSHAMBI,SHAHJADPUR,0.85,8.44166666666667,,7.435,2.93916666666667,241.166666666667,185.40916666666698,41.5,0.0,38.8333333333333,4016.6666666666706,1.0,0.5069166666666671
247,"""WEST BENGAL""",MURSHIDABAD,FARAKKA,17.01499097748317,7.764260379136993,,6.703154676138132,2.6815519541519084,220.23367054827756,196.41111111111098,16.65,0.07788076145771602,16.0145454545455,28662.758076799753,3.6826225806451607,0.3672985530539035
248,"""UTTAR PRADESH""",BAHRAICH,Elginbridge,17.01499097748317,8.31916666666667,,6.95916666666667,1.0425,175.833333333333,151.44175,14.0225,0.2254,16.44,28662.758076799753,3.6826225806451607,0.17575
249,UTTARAKHAND,GARHWAL,"""Deoprayag (G)""",17.01499097748317,7.9708333333333306,,7.57583333333333,1.2691666666666699,112.913333333333,66.8333333333333,9.16666666666667,0.034385,16.4363636363636,28662.758076799753,3.6826225806451607,0.22833333333333303
250,"""MADHYA PRADESH""",UJJAIN,Mahidpur,17.01499097748317,7.764260379136993,,6.703154676138132,2.6815519541519084,220.23367054827756,131.77457374277378,37.22037571253798,0.07788076145771602,18.142366924447888,28662.758076799753,3.6826225806451607,0.3672985530539035
251,UTTARAKHAND,GARHWAL,Srinagar,17.01499097748317,7.764260379136993,,6.703154676138132,2.6815519541519084,220.23367054827756,131.77457374277378,37.22037571253798,0.07788076145771602,18.142366924447888,28662.758076799753,3.6826225806451607,0.3672985530539035
252,ASSAM,"""KARBI ANGLONG""",Kheronighat,17.01499097748317,7.635,,6.703154676138132,2.6815519541519084,87.25,86.360425,6.75,0.07788076145771602,1.1975,28662.758076799753,3.6826225806451607,0.3672985530539035
253,CHHATTISGARH,RAIPUR,Rampur,17.01499097748317,8.11909090909091,,7.25454545454546,0.645454545454546,220.23367054827756,110.907663636364,16.818181818181802,0.07788076145771602,18.142366924447888,28662.758076799753,3.6826225806451607,0.3672985530539035
254,JHARKHAND,RAMGARH,Ramgarh,17.01499097748317,7.764260379136993,,6.703154676138132,2.6815519541519084,220.23367054827756,44.902,23.0266666666667,0.07788076145771602,19.82,28662.758076799753,3.6826225806451607,0.3672985530539035
255,TAMILNADU,DHARMAPURI,THOPPUR,17.01499097748317,7.764260379136993,,6.703154676138132,2.6815519541519084,220.23367054827756,131.77457374277378,37.22037571253798,0.07788076145771602,18.142366924447888,28662.758076799753,3.6826225806451607,0.3672985530539035
256,MAHARASHTRA,CHANDRAPUR,Sakmur/Sirpur,17.01499097748317,7.764260379136993,,6.703154676138132,2.6815519541519084,220.23367054827756,131.77457374277378,37.22037571253798,0.07788076145771602,18.142366924447888,28662.758076799753,3.6826225806451607,0.3672985530539035
257,ASSAM,KARIMGANJ,Badarpurghat,17.01499097748317,6.83083333333333,,6.703154676138132,2.6815519541519084,81.3333333333333,82.4146083333333,14.75,0.07788076145771602,1.2075,28662.758076799753,3.6826225806451607,0.3672985530539035
258,"""MADHYA PRADESH""",SIDHI,"""KULDAH BRIDGE""",17.01499097748317,8.223333333333331,,7.33666666666667,2.64,175.333333333333,187.6605,24.1666666666667,0.0,12.5,2125.0,15.5,0.4198333333333329
259,BIHAR,SITAMARHI,"""Dheng Bridge""",17.01499097748317,8.03333333333333,,6.703154676138132,1.8955,204.5,196.72083333333302,23.3333333333333,0.07788076145771602,7.0,28662.758076799753,3.6826225806451607,0.3672985530539035
260,MAHARASHTRA,SOLAPUR,Wadakbal,17.01499097748317,7.764260379136993,,6.703154676138132,2.6815519541519084,220.23367054827756,131.77457374277378,37.22037571253798,0.07788076145771602,18.142366924447888,28662.758076799753,3.6826225806451607,0.3672985530539035
261,ODISHA,BALANGIR,Salebhata,17.01499097748317,8.20363636363636,,7.71818181818182,0.927272727272727,220.23367054827756,132.268945454545,21.5454545454545,0.07788076145771602,18.142366924447888,28662.758076799753,3.6826225806451607,0.3672985530539035
262,KERALA,ERNAKULAM,KALAMPUR,17.01499097748317,6.78166666666667,,6.2833333333333306,0.745,28.8333333333333,18.8333333333333,6.26666666666667,0.009000000000000001,0.783333333333333,1320.0,4.995,0.17535
263,CHHATTISGARH,KORIYA,Manendragarh,17.01499097748317,8.12333333333333,,7.33333333333333,1.2888888888888899,220.23367054827756,118.19254444444401,21.7777777777778,0.07788076145771602,18.142366924447888,28662.758076799753,3.6826225806451607,0.3672985530539035
264,"""ANDHRA PRADESH""","""SRI POTTI SRIRAMULU NELLORE""",Naidupet,17.01499097748317,7.82428571428571,,6.77871428571429,1.8285714285714298,323.0,116.774857142857,111.735714285714,0.07788076145771602,31.272857142857102,28662.758076799753,3.6826225806451607,0.5
265,"""UTTAR PRADESH""",PRAYAGRAJ,"""Shastri Bridge""",17.01499097748317,7.764260379136993,,6.703154676138132,2.6815519541519084,220.23367054827756,131.77457374277378,37.22037571253798,0.07788076145771602,18.142366924447888,28662.758076799753,3.6826225806451607,0.3672985530539035
266,ASSAM,"""KAMRUP METROPOLITAN""",SONAPUR,12.1375,6.2875,,6.703154676138132,2.6815519541519084,62.5,64.49165,14.5,0.0,1.175,28662.758076799753,3.6826225806451607,0.3672985530539035
267,UTTARAKHAND,PITHORAGARH,"""Bangapani (Munsyari)""",17.01499097748317,7.764260379136993,,6.703154676138132,2.6815519541519084,220.23367054827756,131.77457374277378,37.22037571253798,0.07788076145771602,18.142366924447888,28662.758076799753,3.6826225806451607,0.3672985530539035
268,"""UTTAR PRADESH""",VARANASI,VARANASI,17.01499097748317,8.44166666666667,,7.66666666666667,3.0683333333333302,229.31666666666698,154.167833333333,63.8333333333333,0.0,34.3333333333333,8408.33333333333,2.5,0.619833333333333
269,"""MADHYA PRADESH""",MANDLA,Bamni,59.5,7.78625,,6.6125,0.775,88.25,70.6635375,7.8625,0.049625,8.91,28662.758076799753,3.6826225806451607,0.276125
270,"""UTTAR PRADESH""","""KANPUR NAGAR""",Kanpur,7.39166666666667,8.21083333333333,,6.07583333333333,4.421818181818179,212.5,232.166,20.85625,0.33235,16.44,28662.758076799753,3.6826225806451607,0.37841666666666707
271,"""ANDHRA PRADESH""",Y.S.R.,Nandipalli,17.01499097748317,7.92222222222222,,5.150625,2.15,550.777777777778,133.458222222222,223.895555555556,0.07788076145771602,32.96,28662.758076799753,3.02,1.3646666666666698
272,BIHAR,MUZAFFARPUR,"""Sikandarpur (Muzzafarpur)""",17.01499097748317,8.1875,,6.58575,2.02616666666667,246.75,213.90075,27.75,0.07788076145771602,8.83333333333333,28662.758076799753,3.6826225806451607,0.3672985530539035
273,TAMILNADU,KANNIYAKUMARI,ASHRAMAM,17.01499097748317,7.02166666666667,,7.0,2.6815519541519084,329.66666666666697,132.06945,52.6,0.093666666666667,16.1833333333333,28662.758076799753,3.03,2.0778333333333303
274,TRIPURA,"""WEST TRIPURA""",Sonamura,17.01499097748317,7.764260379136993,,6.703154676138132,2.6815519541519084,220.23367054827756,131.77457374277378,37.22037571253798,0.07788076145771602,18.142366924447888,28662.758076799753,3.6826225806451607,0.3672985530539035
275,ASSAM,CACHAR,Dholai,17.01499097748317,6.8908333333333305,,6.703154676138132,2.6815519541519084,67.25,75.2479083333333,10.5,0.07788076145771602,1.2025,28662.758076799753,3.6826225806451607,0.3672985530539035
276,TAMILNADU,NAGAPPATTINAM,Porakudi,17.01499097748317,7.5,,6.703154676138132,1.19333333333333,114.666666666667,75.3944333333333,30.25,0.07788076145771602,7.84666666666667,28662.758076799753,3.6826225806451607,0.226666666666667
277,MAHARASHTRA,RAIGARH,Mangaon,17.01499097748317,7.0,,6.3,0.94,220.23367054827756,38.60608,4.56,0.003445746,9.02,135400.0,5.1,0.2732
278,ODISHA,BALESHWAR,"""Govindapur (NH5 Road Bridge)""",17.01499097748317,7.64166666666667,,6.703154676138132,2.6815519541519084,220.23367054827756,62.3889,21.95,0.0,20.3166666666667,28662.758076799753,3.6826225806451607,0.05
279,ODISHA,KENDUJHAR,Champua,17.01499097748317,7.41666666666667,,6.703154676138132,2.6815519541519084,220.23367054827756,43.3472,13.483333333333302,0.0046,13.466666666666699,28662.758076799753,3.6826225806451607,0.05
280,"""WEST BENGAL""",NADIA,CHAPRA,17.01499097748317,7.764260379136993,,6.703154676138132,2.6815519541519084,220.23367054827756,194.8099,16.4770833333333,0.07788076145771602,13.608333333333302,28662.758076799753,3.6826225806451607,0.3672985530539035
281,MIZORAM,AIZAWL,Turial,17.01499097748317,7.764260379136993,,6.703154676138132,2.6815519541519084,220.23367054827756,131.77457374277378,37.22037571253798,0.07788076145771602,18.142366924447888,28662.758076799753,3.6826225806451607,0.3672985530539035
282,MAHARASHTRA,NANDED,Yelli,17.01499097748317,7.764260379136993,,6.703154676138132,2.6815519541519084,220.23367054827756,131.77457374277378,37.22037571253798,0.07788076145771602,18.142366924447888,28662.758076799753,3.6826225806451607,0.3672985530539035
283,MEGHALAYA,"""SOUTH GARO HILLS""",Dimapara,17.01499097748317,6.85833333333333,,6.703154676138132,2.6815519541519084,71.2666666666667,71.670125,12.5,0.07788076145771602,1.19166666666667,28662.758076799753,3.6826225806451607,0.3672985530539035
284,UTTARAKHAND,HARDWAR,"""ROORKEE U/S""",17.01499097748317,7.764260379136993,,6.703154676138132,2.6815519541519084,220.23367054827756,131.77457374277378,37.22037571253798,0.07788076145771602,18.142366924447888,28662.758076799753,3.6826225806451607,0.3672985530539035
285,"""MADHYA PRADESH""",SEONI,Keolari,17.01499097748317,7.764260379136993,,6.703154676138132,2.6815519541519084,220.23367054827756,131.77457374277378,37.22037571253798,0.07788076145771602,18.142366924447888,28662.758076799753,3.6826225806451607,0.3672985530539035
286,CHHATTISGARH,RAIPUR,Baronda,17.01499097748317,8.15,,7.5,0.55,220.23367054827756,54.258333333333304,13.0,0.07788076145771602,18.142366924447888,28662.758076799753,3.6826225806451607,0.3672985530539035
287,TAMILNADU,TIRUNELVELI,A.P.PURAM,17.01499097748317,7.45,,6.703154676138132,2.6815519541519084,165.0,139.789,60.86,0.07788076145771602,32.0366666666667,28662.758076799753,0.02,0.36700000000000005
288,ODISHA,GANJAM,Purushottampur,17.01499097748317,7.765,,6.703154676138132,2.6815519541519084,220.23367054827756,72.47915,21.35,0.0,18.925,28662.758076799753,3.6826225806451607,0.05
289,"""MADHYA PRADESH""",BALAGHAT,Rajegaon,8.9,7.58909090909091,,6.67272727272727,1.6363636363636398,220.23367054827756,111.13028181818198,7.79,0.005216666666666999,14.68,24093.6363636364,3.30543333333333,0.3648
290,UTTARAKHAND,RUDRAPRAYAG,"""AUGUSTMUNI U/S""",17.01499097748317,7.764260379136993,,6.703154676138132,2.6815519541519084,220.23367054827756,131.77457374277378,37.22037571253798,0.07788076145771602,18.142366924447888,28662.758076799753,3.6826225806451607,0.3672985530539035
291,GUJARAT,VADODARA,Garudeshwar,2.1666666666666696,7.955,,7.0,1.51666666666667,227.333333333333,112.541666666667,67.1666666666667,0.068,11.4,1100.0,3.6826225806451607,0.163333333333333
292,MAHARASHTRA,KOLHAPUR,KURUNDWAD,17.01499097748317,7.1825,,7.575,0.475,220.23367054827756,83.420075,14.06,0.0033141675,23.8375,10275.0,2.34,0.312
293,"""WEST BENGAL""",NADIA,HANSKHALI,17.01499097748317,7.764260379136993,,6.703154676138132,2.6815519541519084,220.23367054827756,181.463833333333,16.712916666666697,0.07788076145771602,7.68,28662.758076799753,3.6826225806451607,0.3672985530539035
294,MEGHALAYA,"""SOUTH GARO HILLS""",SIBBARI,17.01499097748317,6.79833333333333,,6.703154676138132,2.6815519541519084,54.1666666666667,63.4215,11.333333333333302,0.07788076145771602,1.21,28662.758076799753,3.6826225806451607,0.3672985530539035
295,CHHATTISGARH,BILASPUR,Jondhra,17.01499097748317,8.14,,7.24,0.76,220.23367054827756,108.4816,19.0,0.07788076145771602,18.142366924447888,28662.758076799753,3.6826225806451607,0.3672985530539035
296,BIHAR,VAISHALI,Lalganj,17.01499097748317,8.4,,6.703154676138132,2.6815519541519084,186.2,169.906833333333,21.8333333333333,0.07788076145771602,2.0,28662.758076799753,3.6826225806451607,0.3672985530539035
297,"""MADHYA PRADESH""",SHAHDOL,GOVARDHEGHAT,17.01499097748317,7.764260379136993,,6.703154676138132,2.6815519541519084,220.23367054827756,131.77457374277378,37.22037571253798,0.07788076145771602,18.142366924447888,28662.758076799753,3.6826225806451607,0.3672985530539035
298,CHHATTISGARH,RAIGARH,Kurubhata,17.01499097748317,8.26083333333333,,7.38333333333333,0.475,220.23367054827756,74.3146416666667,13.583333333333302,0.07788076145771602,18.142366924447888,28662.758076799753,3.6826225806451607,0.3672985530539035
299,"""MADHYA PRADESH""",HOSHANGABAD,Chhidgaon,75.175,8.07416666666667,,6.70833333333333,1.06666666666667,236.166666666667,167.151308333333,10.5,0.03308333333333299,10.7333333333333,28662.758076799753,3.6826225806451607,0.22633333333333303
300,ODISHA,SUNDARGARH,Sundergarh,17.01499097748317,8.18818181818182,,7.39090909090909,0.736363636363636,220.23367054827756,81.96743636363641,13.909090909090901,0.07788076145771602,18.142366924447888,28662.758076799753,3.6826225806451607,0.3672985530539035
301,TELANGANA,KHAMMAM,Konta,15.3625,7.85833333333333,,6.70833333333333,0.641666666666667,92.1666666666667,61.375,3.6416666666666697,0.0,11.525,4880.0,2.7859,0.15
302,TAMILNADU,KANNIYAKUMARI,KUZHITHURAI,17.01499097748317,7.11166666666667,,6.703154676138132,2.6815519541519084,219.833333333333,56.1110666666667,53.866666666666696,0.0555,14.3666666666667,28662.758076799753,3.84,0.9701666666666671
303,"""MADHYA PRADESH""",HOSHANGABAD,Sandia,118.508333333333,8.09083333333333,,6.64166666666667,0.691666666666667,153.166666666667,122.72494166666701,8.325,0.027000000000000003,6.71333333333333,28662.758076799753,3.6826225806451607,0.19375
304,RAJASTHAN,KOTA,Sangod,17.01499097748317,7.764260379136993,,6.703154676138132,2.6815519541519084,220.23367054827756,131.77457374277378,37.22037571253798,0.07788076145771602,18.142366924447888,28662.758076799753,3.6826225806451607,0.3672985530539035
305,KARNATAKA,BELLARY,"""T. Ramapuram""",17.55,8.2,,6.5,1.2,944.0,219.542,184.0,0.0,178.0,16000.0,3.6826225806451607,0.77
306,"""UTTAR PRADESH""",SHRAWASTI,Bhinga,17.01499097748317,7.764260379136993,,6.703154676138132,2.6815519541519084,220.23367054827756,131.77457374277378,37.22037571253798,0.07788076145771602,18.142366924447888,28662.758076799753,3.6826225806451607,0.3672985530539035
307,JHARKHAND,"""PURBI SINGHBHUM""",Jamshedpur,17.01499097748317,7.54166666666667,,5.9325,1.1925,220.23367054827756,99.2361166666667,32.5166666666667,0.02185,46.4166666666667,28662.758076799753,3.6826225806451607,0.05
308,KERALA,MALAPPURAM,KARATHODU,17.01499097748317,6.83,,6.18333333333333,0.6466666666666671,56.1666666666667,28.0486,11.566666666666698,0.011166666666667,0.9666666666666658,1210.0,4.525,0.28616666666666696
309,TELANGANA,NALGONDA,Gandlapet,17.01499097748317,7.764260379136993,,6.703154676138132,2.6815519541519084,220.23367054827756,131.77457374277378,37.22037571253798,0.07788076145771602,18.142366924447888,28662.758076799753,3.6826225806451607,0.3672985530539035
310,UTTARAKHAND,DEHRADUN,"""RISHIKESH D/S""",17.01499097748317,7.764260379136993,,6.703154676138132,2.6815519541519084,220.23367054827756,131.77457374277378,37.22037571253798,0.07788076145771602,18.142366924447888,28662.758076799753,3.6826225806451607,0.3672985530539035
311,"""ARUNACHAL PRADESH""","""UPPER SUBANSIRI""",Lemeking,17.01499097748317,7.85,,6.703154676138132,2.6815519541519084,86.5,97.4585,1.0,0.07788076145771602,18.142366924447888,28662.758076799753,3.6826225806451607,0.3672985530539035
312,BIHAR,MADHUBANI,Jhanjharpur,17.01499097748317,8.245,,6.703154676138132,2.342,226.083333333333,192.59025,27.4166666666667,0.07788076145771602,4.16666666666667,28662.758076799753,3.6826225806451607,0.3672985530539035
313,KERALA,KOTTAYAM,KIDANGOOR,17.01499097748317,6.76,,6.36666666666667,0.803333333333333,33.5,20.645816666666697,7.85,0.012,0.666666666666667,1600.0,2.38,0.14525
314,ASSAM,LAKHIMPUR,Chouldhowaghat,17.01499097748317,7.885,,8.325,2.6815519541519084,80.75,82.73755,4.8125,0.07788076145771602,1.2025,28662.758076799753,3.6826225806451607,0.3672985530539035
315,CHHATTISGARH,BASTAR,Jagdalpur,21.4088888888889,7.78888888888889,,6.7,0.8222222222222221,107.555555555556,104.101777777778,6.28888888888889,0.0,9.07777777777778,7728.8888888888905,2.06,0.132222222222222
316,RAJASTHAN,TONK,Tonk,17.01499097748317,7.764260379136993,,6.703154676138132,2.6815519541519084,220.23367054827756,131.77457374277378,37.22037571253798,0.07788076145771602,18.142366924447888,28662.758076799753,3.6826225806451607,0.3672985530539035
317,ASSAM,SONITPUR,"""NT Road Crossing JiaBharali""",17.01499097748317,7.345,,8.2,2.6815519541519084,66.75,76.0853875,5.5,0.07788076145771602,1.2375,28662.758076799753,3.6826225806451607,0.3672985530539035
318,TAMILNADU,THENI,Ambasamudram,17.01499097748317,7.96,,10.0,1.7,220.23367054827756,71.9292,11.61,0.07788076145771602,7.88,28662.758076799753,3.6826225806451607,0.2675
319,ASSAM,GOLAGHAT,Golaghat,17.01499097748317,7.40875,,8.075,2.6815519541519084,96.25,98.756375,6.625,0.07788076145771602,1.1975,28662.758076799753,3.6826225806451607,0.3672985530539035
320,GUJARAT,SURAT,MOTINAROLI,3.3333333333333304,8.15,,6.1909090909090905,1.88833333333333,617.083333333333,117.65283333333299,95.3333333333333,0.09,13.0083333333333,3250.0,3.6826225806451607,0.19833333333333303
321,"""MADHYA PRADESH""",CHHATARPUR,GARRAULI,17.01499097748317,8.2725,,6.703154676138132,2.6815519541519084,220.23367054827756,143.545325,18.6375,0.05865,5.16,28662.758076799753,3.6826225806451607,0.39425
322,ASSAM,SIVASAGAR,Sivasagar,17.01499097748317,7.4075,,8.125,2.6815519541519084,99.875,114.232375,19.5625,0.07788076145771602,1.1875,28662.758076799753,3.6826225806451607,0.3672985530539035
323,TAMILNADU,KARUR,MUSIRI,17.01499097748317,8.042,,6.68,2.34,276.0,149.89906000000002,45.35,0.07788076145771602,21.134,28662.758076799753,1.8,0.3214
324,MAHARASHTRA,PUNE,Sarati,17.01499097748317,7.68,,6.703154676138132,0.8,220.23367054827756,163.1225,32.13,0.015156285,66.4,62500.0,2.19,0.33899999999999997
325,"""UTTAR PRADESH""",GHAZIPUR,"""Ghazipur (Jamalpur Bridge)""",17.01499097748317,7.764260379136993,,6.703154676138132,2.6815519541519084,220.23367054827756,131.77457374277378,37.22037571253798,0.07788076145771602,18.142366924447888,28662.758076799753,3.6826225806451607,0.3672985530539035
326,TAMILNADU,NAMAKKAL,KODUMUDI,17.01499097748317,8.08636363636364,,6.38181818181818,3.35454545454545,286.25,153.196118181818,61.2409090909091,0.07788076145771602,21.5954545454545,28662.758076799753,2.73,0.342818181818182
327,TAMILNADU,COIMBATORE,AMBARAMPALAYAM,17.01499097748317,7.65333333333333,,6.9,1.34166666666667,97.2,79.6583,16.134166666666697,0.07788076145771602,4.27666666666667,28662.758076799753,3.195,0.2725
328,"""MADHYA PRADESH""",SAGAR,Natunhat,17.01499097748317,7.764260379136993,,6.703154676138132,2.6815519541519084,220.23367054827756,131.77457374277378,37.22037571253798,0.07788076145771602,18.142366924447888,28662.758076799753,3.6826225806451607,0.3672985530539035
329,MAHARASHTRA,PARBHANI,Purrna,18.4033333333333,7.86666666666667,,5.31666666666667,1.5,277.0,186.527666666667,20.25,6.66666666666667e-05,26.48,10870.0,2.7975666666666696,0.5660000000000001
330,"""ARUNACHAL PRADESH""","""EAST KAMENG""",Seppa,17.01499097748317,7.325,,6.703154676138132,2.6815519541519084,103.625,61.8541,15.475,0.07788076145771602,1.1975,28662.758076799753,3.6826225806451607,0.3672985530539035
331,MAHARASHTRA,SOLAPUR,Takli,17.01499097748317,7.64,,6.703154676138132,0.95,220.23367054827756,136.73035,28.335,0.0040091,56.2,2615.0,3.6826225806451607,0.365
332,MEGHALAYA,"""RI BHOI""",BYRNIHAT,17.01499097748317,7.764260379136993,,6.703154676138132,2.6815519541519084,220.23367054827756,131.77457374277378,37.22037571253798,0.07788076145771602,18.142366924447888,28662.758076799753,3.6826225806451607,0.3672985530539035
333,ASSAM,CACHAR,DHOLAI,17.01499097748317,6.8908333333333305,,6.703154676138132,2.6815519541519084,67.25,75.2479083333333,10.5,0.07788076145771602,1.2025,28662.758076799753,3.6826225806451607,0.3672985530539035
334,"""MADHYA PRADESH""",MANDLA,Manot,60.5916666666667,8.10333333333333,,6.575,0.891666666666667,130.583333333333,114.417441666667,8.75833333333333,0.05,6.31333333333333,28662.758076799753,3.6826225806451607,0.18783333333333302
335,KERALA,KASARAGOD,ERINJIPUZHA,17.01499097748317,6.734,,6.142,0.5920000000000001,32.8,20.975,6.96,0.026000000000000002,0.9,1241.5,3.32,0.14714000000000002
336,ASSAM,"""KARBI ANGLONG""",Bokajan,17.01499097748317,7.47875,,6.703154676138132,2.6815519541519084,87.0,93.206325,6.0,0.07788076145771602,1.23,28662.758076799753,3.6826225806451607,0.3672985530539035
337,ODISHA,SUNDARGARH,Gomlai,17.01499097748317,7.801666666666669,,7.26416666666667,0.681666666666667,220.23367054827756,63.6458416666667,16.25,0.00345,16.0083333333333,28662.758076799753,3.6826225806451607,0.05
338,KARNATAKA,BIDAR,Saigaon,2.315,8.1,,6.275,2.025,321.5,230.70825,36.225,0.0,35.725,9025.0,3.69,0.4275
339,BIHAR,PATNA,Hathidah,17.01499097748317,7.764260379136993,,6.703154676138132,2.6815519541519084,220.23367054827756,131.77457374277378,37.22037571253798,0.07788076145771602,18.142366924447888,28662.758076799753,3.6826225806451607,0.3672985530539035
340,MAHARASHTRA,NANDED,Betmogra,17.01499097748317,7.764260379136993,,6.703154676138132,2.6815519541519084,220.23367054827756,131.77457374277378,37.22037571253798,0.07788076145771602,18.142366924447888,28662.758076799753,3.6826225806451607,0.3672985530539035
341,TELANGANA,ADILABAD,Bhatpalli,1.8833333333333302,8.28333333333334,,7.2166666666666694,2.3,220.23367054827756,247.390833333333,28.9325,0.026591666666667006,14.815833333333302,27062.5,3.6933333333333302,0.710666666666667
342,MAHARASHTRA,SANGLI,"""Samdoli (Seasonal)""",17.01499097748317,7.764260379136993,,6.703154676138132,2.6815519541519084,220.23367054827756,131.77457374277378,37.22037571253798,0.07788076145771602,18.142366924447888,28662.758076799753,3.6826225806451607,0.3672985530539035
343,"""UTTAR PRADESH""",HAMIRPUR,SHAHIJINA,17.01499097748317,8.2125,,6.703154676138132,2.6815519541519084,220.23367054827756,144.12029166666701,18.696666666666697,0.03335,7.76,28662.758076799753,3.6826225806451607,0.43225
344,KARNATAKA,UDUPI,HALADI,17.01499097748317,6.67833333333333,,6.65666666666667,0.808333333333333,220.23367054827756,10.0541666666667,3.7866666666666697,0.0023,1.848,28662.758076799753,2.855,0.069666666666667
345,TRIPURA,"""NORTH TRIPURA""",Kailashahar,17.01499097748317,7.764260379136993,,6.703154676138132,2.6815519541519084,220.23367054827756,131.77457374277378,37.22037571253798,0.07788076145771602,18.142366924447888,28662.758076799753,3.6826225806451607,0.3672985530539035
346,"""MADHYA PRADESH""",DATIA,SEONDHA,17.01499097748317,8.3675,,6.703154676138132,2.6815519541519084,220.23367054827756,161.100583333333,23.6075,0.0345,9.32,28662.758076799753,3.6826225806451607,0.9864166666666658
347,TAMILNADU,KARUR,NALLAMARANPATTY,17.01499097748317,7.95,,8.8,4.3,220.23367054827756,94.9917,20.15,0.07788076145771602,14.29,28662.758076799753,3.6826225806451607,0.322
348,"""ANDHRA PRADESH""",KRISHNA,"""Paleru Bridge""",2.86888888888889,7.83333333333333,,5.22222222222222,1.4,475.55555555555605,252.342555555556,70.01111111111109,0.0,54.3333333333333,3612.2222222222204,0.605,0.9344444444444441
349,UTTARAKHAND,GARHWAL,"""SATPULI D/S""",17.01499097748317,7.764260379136993,,6.703154676138132,2.6815519541519084,220.23367054827756,131.77457374277378,37.22037571253798,0.07788076145771602,18.142366924447888,28662.758076799753,3.6826225806451607,0.3672985530539035
350,ASSAM,SONITPUR,Tezpur,17.01499097748317,7.6425,,6.703154676138132,2.6815519541519084,73.5,81.103225,7.5,0.07788076145771602,1.1825,28662.758076799753,3.6826225806451607,0.3672985530539035
351,ASSAM,DIBRUGARH,Dillighat,17.01499097748317,7.375,,6.703154676138132,2.6815519541519084,83.5,88.430075,6.3125,0.07788076145771602,1.165,28662.758076799753,3.6826225806451607,0.3672985530539035
352,KARNATAKA,"""UTTARA KANNADA""",SANTEGULI,17.01499097748317,6.77666666666667,,6.703154676138132,2.6815519541519084,220.23367054827756,18.4333333333333,5.97583333333333,0.023,2.472,28662.758076799753,4.515,0.0665
353,"""ANDHRA PRADESH""",GUNTUR,Wadenepally,2.6675,8.15,,6.50833333333333,0.983333333333333,366.0,157.090358333333,54.133333333333304,0.0,60.55,1970.83333333333,3.1096,0.5775
354,ASSAM,SONITPUR,Bhalukpong,17.01499097748317,7.29125,,6.703154676138132,2.6815519541519084,49.25,77.1341625,10.875,0.07788076145771602,1.205,28662.758076799753,3.6826225806451607,0.3672985530539035
355,ASSAM,NALBARI,"""Pagladiya N T Road Crossing""",7.13,7.16,,6.703154676138132,2.6815519541519084,137.5,150.496,11.0,0.0,1.205,28662.758076799753,3.6826225806451607,0.3672985530539035
356,"""UTTAR PRADESH""",VARANASI,Baluaghat,17.01499097748317,7.764260379136993,,6.703154676138132,2.6815519541519084,220.23367054827756,131.77457374277378,37.22037571253798,0.07788076145771602,18.142366924447888,28662.758076799753,3.6826225806451607,0.3672985530539035
357,MAHARASHTRA,AHMADNAGAR,Kopergaon,17.01499097748317,7.764260379136993,,6.703154676138132,2.6815519541519084,220.23367054827756,131.77457374277378,37.22037571253798,0.07788076145771602,18.142366924447888,28662.758076799753,3.6826225806451607,0.3672985530539035
358,GUJARAT,RAJKOT,Ganod,19.4,8.517999999999999,,8.46,1.92,647.2,275.8766,212.0,0.066,21.308000000000003,146337.0,3.6826225806451607,0.7759999999999999
359,KERALA,KOLLAM,PATTAZHY,17.01499097748317,6.8,,6.36666666666667,0.638333333333333,29.5,18.1736166666667,7.7166666666666694,0.0165,0.916666666666667,1180.0,3.165,0.19016666666666698
360,TAMILNADU,NAGAPPATTINAM,Gopurajapuram,17.01499097748317,7.53,,6.703154676138132,1.64,106.0,83.7833,25.52,0.07788076145771602,8.17,28662.758076799753,3.6826225806451607,0.29
361,"""UTTAR PRADESH""",LALITPUR,RAJGHAT,17.01499097748317,8.35,,6.703154676138132,2.6815519541519084,220.23367054827756,135.6849,16.537083333333303,0.0368,5.8,28662.758076799753,3.6826225806451607,0.28975
362,MAHARASHTRA,CHANDRAPUR,"""Bamni (Balharsha)""",4.175,8.1825,,5.73333333333333,9.45833333333333,220.23367054827756,265.910416666667,49.374166666666696,0.097641666666667,27.4641666666667,30508.3333333333,2.02666666666667,0.588583333333333
363,KERALA,PATHANAMTHITTA,KALLOOPPARA,17.01499097748317,6.695,,6.5333333333333306,0.868333333333333,40.0,20.0347166666667,9.33333333333333,0.010166666666667,1.4,1320.0,3.73,0.129016666666667
364,ASSAM,GOALPARA,DUDHNAI,11.5725,6.95,,7.4,2.6815519541519084,54.0,74.177025,17.0,0.0,1.2125,28662.758076799753,3.6826225806451607,0.3672985530539035
365,"""UTTAR PRADESH""",VARANASI,"""V S Bridge""",17.01499097748317,7.764260379136993,,6.703154676138132,2.6815519541519084,220.23367054827756,131.77457374277378,37.22037571253798,0.07788076145771602,18.142366924447888,28662.758076799753,3.6826225806451607,0.3672985530539035
366,PONDICHERRY,PUDUCHERRY,Kumarapalayam,17.01499097748317,7.764260379136993,,6.703154676138132,2.6815519541519084,220.23367054827756,131.77457374277378,37.22037571253798,0.07788076145771602,18.142366924447888,28662.758076799753,3.6826225806451607,0.3672985530539035
367,KERALA,PALAKKAD,PUDUR,17.01499097748317,7.45,,5.23333333333333,1.62833333333333,282.16666666666697,160.083283333333,28.033333333333303,0.08916666666666699,22.466666666666697,1460.0,3.245,0.713
368,ODISHA,SUNDARGARH,Jarikela,17.01499097748317,7.7166666666666694,,6.585,0.5133333333333329,220.23367054827756,77.6945666666667,14.166666666666698,0.0,11.6333333333333,28662.758076799753,3.6826225806451607,0.05
369,ASSAM,SONITPUR,Bhomoraguri,17.01499097748317,7.764260379136993,,6.703154676138132,2.6815519541519084,220.23367054827756,131.77457374277378,37.22037571253798,0.07788076145771602,18.142366924447888,28662.758076799753,3.6826225806451607,0.3672985530539035
370,MAHARASHTRA,THANE,DURVESH,2.2,8.168,,9.1,2.0,387.8,122.7432,99.0,0.073333333333333,13.92,5000.0,3.6826225806451607,0.2
371,JHARKHAND,PALAMU,Japla,17.01499097748317,8.22,,6.703154676138132,2.6815519541519084,183.56666666666698,161.033333333333,20.6666666666667,0.07788076145771602,10.1,28662.758076799753,3.6826225806451607,0.3672985530539035
372,TAMILNADU,VILUPPURAM,Vazhavachanur,17.01499097748317,7.926666666666669,,6.1985,1.735,464.0,227.39833333333303,140.803333333333,0.07788076145771602,86.0683333333333,28662.758076799753,3.6826225806451607,0.5158333333333329
373,ASSAM,KARIMGANJ,ANIPUR,17.01499097748317,7.764260379136993,,6.703154676138132,2.6815519541519084,220.23367054827756,131.77457374277378,37.22037571253798,0.07788076145771602,18.142366924447888,28662.758076799753,3.6826225806451607,0.3672985530539035
374,KERALA,MALAPPURAM,KUMBIDI,17.01499097748317,6.855,,6.5333333333333306,1.02,75.0,39.2083333333333,11.816666666666698,0.071333333333333,1.4166666666666698,1460.0,3.465,0.728833333333333
375,ASSAM,GOALPARA,PANCHARATNA,17.9325,7.3925,,5.63333333333333,2.6815519541519084,106.0,96.7585,12.5,0.0,1.2,28662.758076799753,3.6826225806451607,0.3672985530539035
376,UTTARAKHAND,DEHRADUN,"""HARIDWAR D/S""",17.01499097748317,7.764260379136993,,6.703154676138132,2.6815519541519084,220.23367054827756,131.77457374277378,37.22037571253798,0.07788076145771602,18.142366924447888,28662.758076799753,3.6826225806451607,0.3672985530539035
377,BIHAR,,Triveni,17.01499097748317,7.95166666666667,,6.79766666666667,2.0675,210.166666666667,218.4195,26.6666666666667,0.07788076145771602,13.0,28662.758076799753,3.6826225806451607,0.3672985530539035
378,TAMILNADU,ERODE,ELUNUTHIMANGALAM,17.01499097748317,8.6225,,5.85,3.75,220.23367054827756,404.35,412.49,0.07788076145771602,115.3125,28662.758076799753,3.6826225806451607,0.909
379,"""UTTAR PRADESH""","""SIDDHARTH NAGAR""",Biskohar,17.01499097748317,7.764260379136993,,6.703154676138132,2.6815519541519084,220.23367054827756,131.77457374277378,37.22037571253798,0.07788076145771602,18.142366924447888,28662.758076799753,3.6826225806451607,0.3672985530539035
380,GUJARAT,ANAND,Khanpur,28.6666666666667,8.38166666666667,,8.25,1.4166666666666698,267.33333333333303,173.48825,31.3333333333333,0.04,14.374166666666698,166931.42857142902,3.6826225806451607,0.585
381,BIHAR,BHOJPUR,Koelwar,17.01499097748317,8.31666666666667,,6.703154676138132,2.6815519541519084,148.766666666667,126.58905,32.6666666666667,0.07788076145771602,6.5,28662.758076799753,3.6826225806451607,0.3672985530539035
382,KARNATAKA,RAICHUR,Huvinhedigi,8.20909090909091,8.25454545454545,,6.37272727272727,1.05454545454545,480.181818181818,219.59099999999998,66.8545454545454,6.36363636363636e-05,93.2272727272727,4804.54545454546,2.3648333333333302,0.8009090909090909
383,"""UTTAR PRADESH""",KHERI,Paliakalan,17.01499097748317,8.36333333333333,,6.95583333333333,0.899166666666667,201.166666666667,161.28175,14.0225,0.21045,17.56,28662.758076799753,3.6826225806451607,0.18525
384,"""MADHYA PRADESH""",RATLAM,Mataji,11.166666666666698,8.11333333333333,,8.45,2.93333333333333,219.0,162.11666666666702,22.3333333333333,0.031666666666667,9.93333333333333,164334.666666667,3.6826225806451607,0.5183333333333329
385,"""MADHYA PRADESH""",CHHINDWARA,Ramakona,17.01499097748317,7.764260379136993,,6.703154676138132,2.6815519541519084,220.23367054827756,131.77457374277378,37.22037571253798,0.07788076145771602,18.142366924447888,28662.758076799753,3.6826225806451607,0.3672985530539035
386,"""UTTAR PRADESH""",JAUNPUR,JAUNPUR,17.01499097748317,7.764260379136993,,6.703154676138132,2.6815519541519084,220.23367054827756,131.77457374277378,37.22037571253798,0.07788076145771602,18.142366924447888,28662.758076799753,3.6826225806451607,0.3672985530539035
387,TAMILNADU,COIMBATORE,Gandhavayal,17.01499097748317,7.764260379136993,,6.703154676138132,2.6815519541519084,220.23367054827756,131.77457374277378,37.22037571253798,0.07788076145771602,18.142366924447888,28662.758076799753,3.6826225806451607,0.3672985530539035
388,"""UTTAR PRADESH""",HAMIRPUR,HAMIRPUR,17.01499097748317,8.228333333333339,,6.703154676138132,2.6815519541519084,220.23367054827756,190.75991666666698,67.9825,0.1311,42.68,28662.758076799753,3.6826225806451607,0.3910833333333329
389,TAMILNADU,THOOTHUKKUDI,MURAPPANADU,17.01499097748317,7.43,,5.74166666666667,0.875,77.6,61.3631916666667,18.7158333333333,0.07788076145771602,5.31833333333333,28662.758076799753,1.815,0.1565
390,"""MADHYA PRADESH""","""WEST NIMAR""",Mandleshwar,40.5083333333333,8.10083333333333,,6.49166666666667,0.908333333333333,146.083333333333,117.383916666667,14.558333333333302,0.029833333333332993,8.73416666666667,28662.758076799753,3.6826225806451607,0.18508333333333302
391,"""MADHYA PRADESH""",DINDORI,Dindori,83.3416666666667,7.83666666666667,,5.58333333333333,1.53333333333333,143.583333333333,122.61516666666701,9.53333333333333,0.110583333333333,10.3666666666667,28662.758076799753,3.6826225806451607,0.20025
392,TRIPURA,"""NORTH TRIPURA""","""KAILASHAHAR GDSQ SITE""",17.01499097748317,7.764260379136993,,6.703154676138132,2.6815519541519084,220.23367054827756,131.77457374277378,37.22037571253798,0.07788076145771602,18.142366924447888,28662.758076799753,3.6826225806451607,0.3672985530539035
393,BIHAR,KATIHAR,LABHA,17.01499097748317,7.764260379136993,,6.703154676138132,2.6815519541519084,220.23367054827756,202.18875,15.9425,0.07788076145771602,16.76,28662.758076799753,3.6826225806451607,0.3672985530539035
394,KERALA,KOZHIKODE,KUTTYADI,17.01499097748317,6.91,,7.01666666666667,0.50351,17.8333333333333,13.0139,4.4666666666666694,0.0,0.716666666666667,1240.0,4.565,0.0527
395,KARNATAKA,GULBARGA,Malkhed,4.35666666666667,8.16666666666667,,6.0333333333333306,0.883333333333333,394.666666666667,182.777833333333,29.35,0.0,17.516666666666698,2966.6666666666697,4.69305,0.706666666666667
396,"""ARUNACHAL PRADESH""","""UPPER SUBANSIRI""",Daporizo,17.01499097748317,7.8,,6.703154676138132,2.6815519541519084,73.75,60.5,1.75,0.07788076145771602,18.142366924447888,28662.758076799753,3.6826225806451607,0.3672985530539035
397,"""DAMAN & DIU""",DAMAN,PINGALWADA,2.9166666666666696,7.47833333333333,,2.0181818181818203,1.3641666666666699,675.0833333333339,124.71233333333299,113.916666666667,0.10222222222222198,14.35,15800.0,3.6826225806451607,0.235
398,MIZORAM,AIZAWL,Sairang,17.01499097748317,7.764260379136993,,6.703154676138132,2.6815519541519084,220.23367054827756,131.77457374277378,37.22037571253798,0.07788076145771602,18.142366924447888,28662.758076799753,3.6826225806451607,0.3672985530539035
399,"""WEST BENGAL""",BIRBHUM,"""Tilpara  Mihirlal Barrage""",17.01499097748317,8.23333333333333,,6.703154676138132,2.6815519541519084,220.23367054827756,119.142333333333,15.738333333333301,0.07788076145771602,1.6,28662.758076799753,3.6826225806451607,0.3672985530539035
400,TELANGANA,NALGONDA,Dameracherla,3.87909090909091,8.07272727272727,,6.02727272727273,1.25454545454545,635.818181818182,239.553090909091,132.336363636364,0.0,79.76363636363641,1630.9090909090899,0.873333333333333,1.08727272727273
401,KARNATAKA,CHAMRAJNAGAR,BILIGUNDULU,17.01499097748317,8.03083333333333,,6.28916666666667,0.9466666666666658,220.23367054827756,124.28333333333299,28.9620833333333,0.023,10.244000000000002,28662.758076799753,2.985,0.374818181818182
402,TRIPURA,"""WEST TRIPURA""",KHOWAI,17.01499097748317,7.764260379136993,,6.703154676138132,2.6815519541519084,220.23367054827756,131.77457374277378,37.22037571253798,0.07788076145771602,18.142366924447888,28662.758076799753,3.6826225806451607,0.3672985530539035
403,"""UTTAR PRADESH""",FARRUKHABAD,Fatehgarh,6.075,8.02,,6.90916666666667,1.5175,162.916666666667,172.370166666667,15.975,0.161,14.48,28662.758076799753,3.6826225806451607,0.4148333333333329
404,KERALA,KANNUR,PERUMANNU,17.01499097748317,6.74833333333333,,6.76666666666667,0.673333333333333,31.5,21.152766666666697,6.7833333333333306,0.037833333333333,0.866666666666667,1600.0,1.95,0.1579
405,"""ANDHRA PRADESH""",KRISHNA,Keesara,2.55,8.2,,6.7,1.025,506.5,206.60425,62.1,0.0,38.6,8182.5,4.39,0.7825
406,CHHATTISGARH,RAIPUR,Pathardihi,17.01499097748317,8.088,,5.9,1.14,220.23367054827756,118.31513999999999,31.4,0.07788076145771602,18.142366924447888,28662.758076799753,3.6826225806451607,0.3672985530539035
407,KERALA,PATHANAMTHITTA,MALAKKARA,17.01499097748317,6.82166666666667,,6.55,0.3833333333333329,22.5,14.361116666666698,5.61666666666667,0.030333333333332994,0.716666666666667,1240.0,3.71,0.115183333333333
408,"""MADHYA PRADESH""",NARSIMHAPUR,Barmanghat,17.01499097748317,7.764260379136993,,6.703154676138132,2.6815519541519084,220.23367054827756,131.77457374277378,37.22037571253798,0.07788076145771602,18.142366924447888,28662.758076799753,3.6826225806451607,0.3672985530539035
409,MAHARASHTRA,WARDHA,Hivra,1.9,8.24,,6.79166666666667,1.96666666666667,220.23367054827756,204.491666666667,22.0433333333333,0.00435,17.985,16925.0,4.22666666666667,0.4332166666666671
410,TAMILNADU,VELLORE,Avarankuppam,17.01499097748317,7.764260379136993,,6.703154676138132,2.6815519541519084,220.23367054827756,131.77457374277378,37.22037571253798,0.07788076145771602,18.142366924447888,28662.758076799753,3.6826225806451607,0.3672985530539035
411,"""MADHYA PRADESH""",PANNA,MADLA,17.01499097748317,8.49,,6.703154676138132,2.6815519541519084,220.23367054827756,136.91466666666702,15.975,0.069,15.84,28662.758076799753,3.6826225806451607,0.22166666666666698
412,RAJASTHAN,DUNGARPUR,Rangeli,12.333333333333302,8.321666666666669,,8.63333333333333,2.95,394.333333333333,207.082,62.1666666666667,0.021666666666667,14.8666666666667,92702.6666666667,3.6826225806451607,0.731666666666667
413,ASSAM,MARIGAON,Dharamtul,17.01499097748317,7.41125,,6.703154676138132,2.6815519541519084,68.5,76.8645875,6.4375,0.07788076145771602,1.1725,28662.758076799753,3.6826225806451607,0.3672985530539035
414,"""MADHYA PRADESH""",SHIVPURI,PACHAWALI,17.01499097748317,8.23,,6.703154676138132,3.37,220.23367054827756,239.025,30.89,0.07788076145771602,5.76,28662.758076799753,3.6826225806451607,0.198888888888889
415,"""ANDHRA PRADESH""",Y.S.R.,Chennur,17.01499097748317,7.92916666666667,,7.28966666666667,2.33,448.5,150.30775,153.2925,0.07788076145771602,96.7908333333333,28662.758076799753,3.59,0.7714166666666659
416,CHHATTISGARH,BIJAPUR,Pathagudem,10.37,7.9272727272727295,,6.5,0.672727272727273,93.7272727272727,69.8939363636364,3.80909090909091,0.0,7.9,2209.27272727273,1.1943,0.147272727272727
417,"""UTTAR PRADESH""",ETAWAH,UDI,17.01499097748317,8.34166666666667,,6.703154676138132,2.6815519541519084,220.23367054827756,164.343166666667,37.7483333333333,0.0184,42.24,28662.758076799753,3.6826225806451607,0.302416666666667
418,ASSAM,KAMRUP,Pandu,15.025,7.225,,10.0675,0.675,107.5,116.095825,11.25,0.0,1.175,28662.758076799753,3.6826225806451607,0.3672985530539035
419,ASSAM,NAGAON,Kampur,17.01499097748317,7.2975,,6.703154676138132,2.6815519541519084,88.5,94.9915,3.875,0.07788076145771602,1.205,28662.758076799753,3.6826225806451607,0.3672985530539035
420,MAHARASHTRA,SANGLI,"""Arjunwad (Seasonal)""",17.01499097748317,7.764260379136993,,6.703154676138132,2.6815519541519084,220.23367054827756,131.77457374277378,37.22037571253798,0.07788076145771602,18.142366924447888,28662.758076799753,3.6826225806451607,0.3672985530539035
421,"""UTTAR PRADESH""",SITAPUR,Neemsar,3.025,8.3975,,7.12,2.0475,200.25,194.51575,18.54875,0.29325,16.56,28662.758076799753,3.6826225806451607,0.30875
422,"""UTTAR PRADESH""",GORAKHPUR,Regauli,17.01499097748317,8.27833333333333,,6.79333333333333,1.18833333333333,243.916666666667,159.425666666667,16.7145833333333,0.22425,18.64,28662.758076799753,3.6826225806451607,0.17575
423,"""WEST BENGAL""",MALDAH,ENGLISHBAZAR,17.01499097748317,7.764260379136993,,6.703154676138132,2.6815519541519084,220.23367054827756,230.30841666666697,15.825,0.07788076145771602,7.6941666666666695,28662.758076799753,3.6826225806451607,0.3672985530539035
424,GUJARAT,AHMADABAD,Vautha,35.4166666666667,7.96083333333333,,1.6858333333333302,24.483333333333302,1217.66666666667,367.015916666667,316.75,0.130833333333333,61.390833333333305,4413.25,3.6826225806451607,0.7325
425,TAMILNADU,KRISHNAGIRI,SINGASADANAPALLI,17.01499097748317,7.764260379136993,,6.703154676138132,2.6815519541519084,220.23367054827756,131.77457374277378,37.22037571253798,0.07788076145771602,18.142366924447888,28662.758076799753,3.6826225806451607,0.3672985530539035
426,ASSAM,CACHAR,B.P.GHAT,17.01499097748317,6.83083333333333,,6.703154676138132,2.6815519541519084,81.3333333333333,82.4146083333333,14.75,0.07788076145771602,1.2075,28662.758076799753,3.6826225806451607,0.3672985530539035
427,TRIPURA,DHALAI,"""KAMALPUR GDS SITE""",17.01499097748317,7.764260379136993,,6.703154676138132,2.6815519541519084,220.23367054827756,131.77457374277378,37.22037571253798,0.07788076145771602,18.142366924447888,28662.758076799753,3.6826225806451607,0.3672985530539035
428,"""HIMACHAL PRADESH""",SOLAN,"""Yaswant Nagar""",17.01499097748317,7.715,,9.1,2.86,163.166666666667,117.47345,13.943333333333301,0.07788076145771602,33.0166666666667,28662.758076799753,3.6826225806451607,0.175
429,"""UTTAR PRADESH""",GHAZIABAD,Mohna,17.01499097748317,7.42583333333333,,3.48,30.961666666666698,662.083333333333,281.0535,158.265833333333,0.07788076145771602,83.8416666666667,28662.758076799753,3.6826225806451607,0.655
430,ODISHA,GAJAPATI,Mahendragarh,17.01499097748317,7.764260379136993,,6.703154676138132,2.6815519541519084,220.23367054827756,131.77457374277378,37.22037571253798,0.07788076145771602,18.142366924447888,28662.758076799753,3.6826225806451607,0.3672985530539035
431,KARNATAKA,RAICHUR,Mantralayam,17.01499097748317,7.764260379136993,,6.703154676138132,2.6815519541519084,220.23367054827756,131.77457374277378,37.22037571253798,0.07788076145771602,18.142366924447888,28662.758076799753,3.6826225806451607,0.3672985530539035
432,ASSAM,DIBRUGARH,Naharkatia,17.01499097748317,7.675,,6.703154676138132,2.6815519541519084,84.5,83.94075,16.25,0.07788076145771602,1.19,28662.758076799753,3.6826225806451607,0.3672985530539035
433,UTTARAKHAND,"""TEHRI GARHWAL""",Koteshwar,17.01499097748317,7.87083333333333,,7.4666666666666694,1.15083333333333,83.3166666666667,50.75,8.33333333333333,0.02783,13.625,28662.758076799753,3.6826225806451607,0.17916666666666697
434,KARNATAKA,"""DAKSHINA KANNADA""",ADDOOR,17.01499097748317,6.74,,6.703154676138132,2.6815519541519084,220.23367054827756,12.725,4.615,0.0046,2.32,28662.758076799753,3.01,0.025333333333332996
435,"""MADHYA PRADESH""",MANDLA,Mohgaon,81.3416666666667,8.07333333333333,,6.425,0.791666666666667,119.25,101.22213333333299,8.675,0.045833333333333004,5.76333333333333,28662.758076799753,3.6826225806451607,0.18391666666666698
436,UTTARAKHAND,GARHWAL,"""Rudraprayag (A)""",17.01499097748317,8.01416666666667,,8.165,1.155,117.426666666667,76.5,9.91666666666667,0.03887,17.7083333333333,28662.758076799753,3.6826225806451607,0.23583333333333303
437,"""UTTAR PRADESH""",KAUSHAMBI,RAJAPUR,17.01499097748317,8.55,,6.703154676138132,3.6,220.23367054827756,196.066333333333,77.5083333333333,0.1311,45.28,0.0,3.6826225806451607,0.41166666666666707
438,CHHATTISGARH,RAIPUR,Simga,17.01499097748317,7.97636363636364,,5.87272727272727,1.07272727272727,220.23367054827756,150.86132727272698,34.9090909090909,0.07788076145771602,18.142366924447888,28662.758076799753,3.6826225806451607,0.3672985530539035
439,"""UTTAR PRADESH""",SONBHADRA,CHOPAN,1.06666666666667,8.03,,7.485,2.7466666666666697,135.083333333333,165.829833333333,25.1666666666667,0.0,13.25,2358.3333333333303,19.0,0.4328333333333329
440,"""UTTAR PRADESH""",BAHRAICH,B.K.Ghat,17.01499097748317,7.764260379136993,,6.703154676138132,2.6815519541519084,220.23367054827756,131.77457374277378,37.22037571253798,0.07788076145771602,18.142366924447888,28662.758076799753,3.6826225806451607,0.3672985530539035
