Station,Sample Date,Sample Time,TEMP,Cl-Dis,TDS,pH,O2-Dis,COD,EC,BOD,TURB,Alk-Tot,H-T,Ca-Dis,WQI
IND00001,1999-07-05,12:00,30.0,90.0,264.0,8.1,7.1,12.0,420.0,4.8,2.0,180.0,170.0,90.0,66.27852324108892
IND00001,1999-08-03,12:00,28.0,80.0,246.0,8.4,6.8,20.0,405.0,3.2,2.0,160.0,160.0,100.0,68.22869091100891
IND00001,1999-09-08,12:00,29.0,70.0,258.0,8.2,6.2,8.0,427.0,3.6,1.0,180.0,150.0,80.0,67.98203080851522
IND00001,1999-11-05,12:00,28.0,70.0,200.0,8.7,7.9,12.0,411.0,1.8,1.0,130.0,130.0,70.0,64.8278215764001
IND00001,1999-12-01,12:00,26.0,60.0,260.0,8.1,6.8,24.0,419.0,5.0,2.0,190.0,160.0,120.0,68.45267283083462
IND00001,2001-07-09,12:00,28.0,40.0,176.0,8.4,9.0,28.0,260.0,5.0,10.0,200.0,51.0,27.0,66.89208729962448
IND00001,2002-02-01,12:00,12.0,30.0,426.88424616007563,6.8,3.0,32.0,519.2812302912621,9.0,30.0,22.0,450.0,260.0,74.45824815596235
IND00001,2002-05-03,12:00,32.0,70.0,210.0,7.65,7.9,4.0,325.0,2.0,0.2,160.0,104.01,55.93,70.63025629768276
IND00001,2003-08-05,12:00,30.0,206.43165958625787,426.88424616007563,8.1,5.0,29.332920573634862,392.0,4.0,30.20231464344039,145.1398880597015,170.43483623798076,68.5664188243979,57.56917469455035
IND00001,2003-09-03,12:00,27.0,206.43165958625787,426.88424616007563,8.3,5.7,29.332920573634862,334.0,4.0,30.20231464344039,145.1398880597015,170.43483623798076,68.5664188243979,59.86368517405384
IND00001,2005-09-03,11:00,30.0,206.43165958625787,426.88424616007563,8.17,7.4,29.332920573634862,315.0,2.0,30.20231464344039,145.1398880597015,170.43483623798076,68.5664188243979,57.56917469455035
IND00001,2005-10-06,18:15,27.0,206.43165958625787,426.88424616007563,7.99,6.9,29.332920573634862,180.0,1.5,30.20231464344039,145.1398880597015,170.43483623798076,68.5664188243979,60.2023515505064
IND00001,2006-01-05,12:00,26.0,20.0,100.0,8.45,10.6,10.0,274.0,4.6,3.0,110.0,90.0,20.04,66.56806621504082
IND00001,2006-03-02,12:00,28.0,206.43165958625787,426.88424616007563,7.9,8.6,29.332920573634862,317.0,3.0,30.20231464344039,145.1398880597015,170.43483623798076,68.5664188243979,62.6493332283758
IND00001,2006-04-23,12:00,32.0,206.43165958625787,426.88424616007563,8.32,8.0,29.332920573634862,449.0,1.0,30.20231464344039,145.1398880597015,170.43483623798076,68.5664188243979,57.59149487565829
IND00001,2008-10-03,10:00,28.0,206.43165958625787,426.88424616007563,8.4,8.2,29.332920573634862,593.0,3.0,30.20231464344039,145.1398880597015,150.0,118.0,59.504135107835296
IND00001,1979-02-27,12:00,22.0,48.0,426.88424616007563,8.35,9.5,3.92,44.6,2.3,30.20231464344039,164.0,170.43483623798076,36.0,60.95658126656736
IND00001,1979-03-25,12:00,23.0,60.0,426.88424616007563,8.3,9.65,16.0,42.88,2.2,30.20231464344039,168.0,170.43483623798076,44.0,60.4848975744501
IND00001,1979-04-29,12:00,24.0,56.0,426.88424616007563,8.05,8.0,4.0,46.48,1.5,30.20231464344039,164.0,170.43483623798076,40.0,60.479914568268775
IND00001,1979-05-20,12:00,23.0,62.0,426.88424616007563,8.3,6.480722009145893,12.2,44.6,2.3,30.20231464344039,185.0,170.43483623798076,48.0,60.47716004208309
IND00001,1979-06-27,12:00,29.0,65.0,426.88424616007563,8.2,8.4,4.0,39.8,2.5,30.20231464344039,170.0,170.43483623798076,40.0,59.471497796055466
IND00001,1979-12-30,12:00,19.5,60.0,426.88424616007563,7.8,8.3,9.5,139.4,1.8,30.20231464344039,160.0,170.43483623798076,40.0,64.79528826107138
IND00001,1980-01-01,12:00,20.0,70.0,0.0,8.5,11.0,25.1,45.0,2.0,14.0,150.0,210.0,100.0,65.6227682169126
IND00001,1980-07-01,12:00,27.0,30.0,0.0,8.6,7.4,11.7,21.0,3.5,22.0,90.0,100.0,50.0,62.65647171110946
IND00001,1980-08-01,12:00,31.0,40.0,0.0,8.6,7.7,8.0,22.0,0.0,35.0,100.0,100.0,65.0,58.000497668548114
IND00001,1980-12-01,12:00,21.0,70.0,0.0,8.2,6.480722009145893,4.0,25.0,1.3,15.0,160.0,150.0,80.0,68.80493694532142
IND00001,1981-10-01,12:00,26.0,60.0,0.0,7.1,9.5,5.0,26.0,1.0,8.0,120.0,120.0,100.0,75.07834236780413
IND00001,1981-11-01,12:00,25.0,70.0,0.0,7.0,10.0,3.0,519.2812302912621,1.1,15.0,145.1398880597015,110.0,90.0,72.89880719715674
IND00001,1981-12-01,12:00,26.0,34.0,0.0,7.8,9.5,3.0,33.0,1.0,14.0,150.0,140.0,90.0,71.6011510551286
IND00001,1982-01-01,12:00,24.0,60.0,0.0,7.2,10.0,3.0,36.0,1.3,11.0,170.0,130.0,100.0,74.49519964257593
IND00001,1982-02-01,12:00,23.0,58.0,0.0,7.0,9.8,4.0,35.0,1.1,11.0,170.0,150.0,100.0,74.32098922022645
IND00001,1982-03-01,12:00,30.0,60.0,0.0,7.4,11.6,4.0,33.0,3.2,10.0,130.0,140.0,90.0,71.69412588943341
IND00001,1982-04-01,12:00,28.0,50.0,0.0,7.5,10.4,10.0,49.0,6.3,25.0,140.0,180.0,100.0,70.60366932569924
IND00001,1982-05-01,12:00,27.5,50.0,0.0,8.0,9.4,1.0,45.0,3.8,10.0,220.0,130.0,90.0,68.32738560026742
IND00001,1982-06-01,12:00,29.0,50.0,0.0,8.2,10.1,7.0,43.0,1.0,14.0,180.0,140.0,80.0,68.22925683521383
IND00001,1986-09-11,12:00,29.0,38.0,426.88424616007563,8.28,7.7,6.0,34.84,0.6,30.20231464344039,150.0,170.43483623798076,45.69,59.46240117905344
IND00001,1986-10-14,12:00,28.0,41.0,426.88424616007563,8.13,9.0,4.0,39.8,1.1,30.20231464344039,120.0,170.43483623798076,30.46,59.46208952213313
IND00001,1986-11-12,12:00,26.0,41.0,426.88424616007563,8.27,10.0,4.0,36.0,1.8,30.20231464344039,140.0,170.43483623798076,32.06,60.02492923648291
IND00001,1986-12-09,12:00,26.0,42.0,426.88424616007563,8.18,8.9,8.0,31.8,1.5,30.20231464344039,140.0,170.43483623798076,32.064,59.836428437596396
IND00001,1987-01-07,12:00,15.0,43.0,0.0,8.3,9.2,8.0,33.0,1.4,10.0,130.0,156.0,105.0,71.48258294208635
IND00001,1987-02-10,12:00,20.0,45.0,0.0,8.2,9.0,4.0,37.0,2.2,8.0,130.0,144.0,88.0,70.86879264374215
IND00001,1987-03-10,12:00,26.0,46.0,0.0,8.0,8.8,4.0,40.0,2.4,10.0,140.0,156.0,92.0,68.59003730179487
IND00001,1987-04-09,12:00,23.0,46.0,0.0,8.2,8.2,4.0,45.0,1.4,12.0,160.0,160.0,95.0,69.15142730570032
IND00001,1987-05-12,12:00,26.0,52.0,0.0,8.3,8.9,8.0,43.0,2.9,12.0,160.0,160.0,105.0,68.56562818389342
IND00001,1987-06-13,12:00,23.0,51.0,0.0,7.9,10.6,8.0,49.0,4.2,12.0,160.0,164.0,100.0,72.14256692177385
IND00001,1987-07-07,12:00,29.0,52.0,0.0,8.0,9.3,4.0,49.0,2.9,12.0,160.0,160.0,105.0,68.24017487867862
IND00001,1987-08-14,12:00,32.0,55.0,0.0,8.3,6.7,3.6,40.0,1.9,14.0,132.0,128.0,68.0,66.13682287853194
IND00001,1987-09-09,12:00,26.0,54.0,0.0,8.6,10.0,4.0,41.0,0.4,13.0,130.0,100.0,52.0,64.43424466407124
IND00001,1987-10-14,12:00,25.0,54.0,0.0,7.4,7.3,8.0,40.0,1.6,12.0,120.0,110.0,48.0,73.96779400740772
IND00001,1987-11-11,12:00,29.0,56.0,0.0,8.5,8.5,4.8,37.0,1.2,12.0,145.0,118.0,55.0,63.99508975819182
IND00001,1988-08-12,12:00,24.0,16.0,426.88424616007563,8.5,6.0,27.0,24.0,2.0,96.0,100.0,112.0,70.0,50.35581585061818
IND00001,1988-09-13,12:00,28.0,7.0,426.88424616007563,8.6,0.9,32.0,18.0,1.0,37.0,90.0,84.0,60.0,54.43476581544568
IND00001,1988-10-14,12:00,26.0,11.0,133.0,8.0,8.1,23.0,21.0,0.4,26.0,74.0,76.0,60.0,65.5430990330097
IND00001,1988-11-17,12:00,23.0,13.0,132.0,8.6,7.9,23.0,24.0,1.9,6.0,100.0,96.0,65.0,65.44498894119693
IND00001,1988-12-14,12:00,20.0,64.0,276.0,8.5,8.6,22.2,38.0,1.8,6.0,140.0,156.0,78.0,63.97776621255512
IND00001,1989-01-10,12:00,19.0,15.0,137.0,8.6,9.1,12.0,17.0,1.0,6.0,100.0,144.0,68.0,66.4067293892838
IND00001,1989-02-14,12:00,19.0,14.0,125.0,8.1,8.9,15.7,21.0,1.5,8.0,105.0,108.0,78.0,70.71475280673464
IND00001,1989-03-09,12:00,21.0,18.0,138.0,8.2,9.0,7.3,24.0,1.7,10.0,120.0,140.0,78.0,69.13496551371783
IND00001,1989-04-12,12:00,23.0,20.0,144.0,8.1,8.0,7.0,19.0,4.0,10.0,140.0,116.0,72.0,68.38574518610586
IND00001,1989-05-10,12:00,25.0,25.0,158.0,8.6,7.5,13.0,29.0,1.6,10.0,150.0,120.0,80.0,63.49984179810283
IND00001,1989-06-14,12:00,26.0,25.0,161.0,8.3,7.1,17.0,29.0,1.1,15.0,130.0,128.0,96.0,66.67003774896175
IND00001,1989-08-09,12:00,28.0,28.0,164.0,8.3,7.8,8.0,25.0,2.1,15.0,110.0,120.0,80.0,66.45631929923674
IND00001,1989-09-14,12:00,23.0,22.0,112.0,8.5,7.9,7.0,21.0,0.6,15.0,86.0,92.0,65.0,63.72101165758797
IND00001,1989-10-11,12:00,29.5,26.0,202.0,8.5,8.8,7.0,24.0,2.5,10.0,120.0,96.0,65.0,62.06826072138684
IND00001,1989-11-08,12:00,27.0,36.0,184.0,8.1,6.7,10.0,26.0,1.1,10.0,120.0,112.0,72.0,66.88433010762547
IND00001,1989-12-15,12:00,19.5,30.0,164.0,8.2,9.4,12.0,27.0,1.4,4.0,112.0,136.0,88.0,71.51441382184171
IND00001,1990-01-10,12:00,20.0,206.43165958625787,178.0,8.2,8.0,0.0,25.0,0.0,5.0,11.0,120.0,92.0,69.69726781156174
IND00001,1990-02-14,12:00,26.0,30.0,185.0,8.5,9.6,6.0,28.0,2.2,5.0,124.0,124.0,100.0,64.14298090153612
IND00001,1990-04-12,12:00,23.0,30.0,188.0,8.2,9.2,8.0,35.0,2.5,30.20231464344039,148.0,208.0,113.0,64.50234970346858
IND00001,1990-05-07,12:00,28.0,25.0,276.0,7.9,8.6,4.0,33.0,1.5,23.0,130.0,128.0,105.0,67.07569286830702
IND00001,1990-06-13,12:00,26.0,40.0,258.0,8.3,7.4,5.0,38.0,1.0,2.0,160.0,132.0,105.0,68.4360045793681
IND00001,1990-07-10,12:00,25.0,30.0,138.0,8.9,8.2,6.0,19.0,2.5,305.0,80.0,88.0,65.0,53.30194637606588
IND00001,1990-08-03,12:00,29.0,22.0,148.0,8.2,7.3,15.0,24.0,1.4,63.0,88.0,164.0,75.0,61.32694880786909
IND00001,1990-09-14,12:00,27.0,36.0,178.0,8.3,7.3,9.0,31.0,0.8,6.0,120.0,75.0,34.0,68.4579852910993
IND00001,1990-10-09,12:00,27.0,44.0,212.0,7.9,7.6,10.0,40.0,2.0,3.0,140.0,124.0,80.0,72.36905974620826
IND00001,1990-12-12,12:00,21.0,44.0,200.0,8.4,9.1,14.0,32.0,2.2,6.0,130.0,128.0,85.0,69.39605177425416
IND00001,1991-01-10,12:00,18.0,40.0,236.0,8.2,8.6,13.0,34.0,1.9,16.0,150.0,148.0,80.0,67.07077725604685
IND00001,1991-03-13,12:00,21.0,40.0,225.0,8.1,8.4,2.0,38.0,0.7,2.0,130.0,128.0,78.0,70.21407437669772
IND00001,1991-04-04,12:00,27.0,44.0,210.0,7.9,7.9,0.4,40.0,2.0,2.0,170.0,116.0,68.0,72.37840997820969
IND00001,1982-07-01,12:00,28.0,36.0,0.0,7.6,13.5,4.0,45.0,3.7,15.0,180.0,120.0,80.0,72.01104343054297
IND00001,1982-08-01,12:00,26.0,36.0,0.0,7.9,10.5,8.0,36.0,4.2,25.0,150.0,150.0,90.0,69.52408197023249
IND00001,1982-09-01,12:00,28.0,32.0,0.0,8.3,10.6,4.0,28.0,3.0,28.0,170.0,110.0,90.0,65.75546336076188
IND00001,1982-10-01,12:00,27.0,36.0,0.0,8.1,10.1,12.0,29.0,5.0,12.0,140.0,100.0,50.0,68.56620251224639
IND00001,1982-11-01,12:00,26.0,25.0,0.0,8.3,8.2,12.0,25.0,3.2,14.0,120.0,120.0,70.0,68.56488787768971
IND00001,1982-12-01,12:00,26.0,29.0,0.0,8.4,13.9,4.0,30.0,2.9,14.0,200.0,140.0,90.0,68.5859906366023
IND00001,1983-02-01,12:00,26.0,30.0,0.0,8.3,11.0,4.0,29.0,3.0,12.0,170.0,120.0,70.0,68.56528320850894
IND00001,1983-03-01,12:00,25.0,29.0,0.0,8.0,8.8,4.0,32.0,2.0,8.0,150.0,70.0,50.0,69.76564312643661
IND00001,1983-04-01,12:00,26.0,80.0,0.0,7.8,9.6,4.0,35.0,2.0,31.0,190.0,140.0,20.0,68.57789751593627
IND00001,1983-05-01,12:00,28.0,70.0,0.0,7.6,8.8,4.0,34.0,2.0,14.0,160.0,158.0,108.0,72.98616066356429
IND00001,1983-06-01,12:00,30.0,70.0,0.0,7.7,8.4,2.0,37.0,0.7,31.0,130.0,140.0,20.0,66.31654317206616
IND00001,1983-07-01,12:00,30.0,18.0,0.0,8.2,8.9,4.0,25.0,2.0,20.0,80.0,38.0,30.0,64.72479911279044
IND00001,1983-08-01,12:00,29.0,18.0,0.0,7.9,7.3,4.0,33.0,1.5,35.0,120.0,90.0,60.0,68.13148667041509
IND00001,1983-09-01,12:00,32.0,19.0,0.0,8.0,9.9,4.0,24.0,2.3,20.0,110.0,90.0,50.0,64.74133718573702
IND00001,1983-10-01,12:00,28.0,21.0,0.0,7.9,11.1,4.0,36.0,2.8,28.0,110.0,110.0,60.0,68.98364463087783
IND00001,1983-11-01,12:00,28.0,25.0,0.0,7.8,8.7,3.8,25.0,2.3,20.0,110.0,120.0,80.0,69.63434044603937
IND00001,1983-12-01,12:00,28.0,30.0,0.0,7.4,8.9,4.0,519.2812302912621,1.1,20.0,120.0,140.0,80.0,71.75268799284608
IND00001,1984-01-01,12:00,23.0,23.0,0.0,8.0,10.0,15.0,21.0,0.9,17.0,130.0,130.0,60.0,68.2557258876829
IND00001,1984-02-01,12:00,20.0,28.0,0.0,8.3,10.0,8.0,27.0,1.0,28.0,160.0,90.0,50.0,67.39181449716614
IND00001,1984-03-01,12:00,18.0,30.0,0.0,8.4,9.1,16.0,32.0,1.0,14.0,140.0,90.0,40.0,70.72603217090277
IND00001,1984-04-01,12:00,21.0,40.0,0.0,7.8,8.9,4.0,25.0,1.3,10.0,150.0,310.0,110.0,72.6306098387014
IND00001,1984-05-01,12:00,23.5,30.0,0.0,8.2,9.4,4.0,32.0,1.9,10.0,130.0,200.0,100.0,69.15103197488109
IND00001,1984-06-01,12:00,28.0,30.0,0.0,8.5,6.9,4.0,29.0,2.0,8.0,130.0,160.0,90.0,65.09581274394081
IND00001,1984-07-01,12:00,26.0,40.0,0.0,8.3,9.0,4.0,30.0,1.5,12.0,190.0,200.0,180.0,68.56528320850894
IND00001,1984-09-01,12:00,29.0,30.0,0.0,8.2,8.8,4.0,38.0,1.6,15.0,130.0,100.0,70.0,67.22906646071765
IND00001,1984-11-01,12:00,25.0,29.0,0.0,7.0,9.1,15.0,26.0,2.3,17.0,120.0,120.0,70.0,72.89817340336236
IND00001,1984-12-01,12:00,22.0,28.0,0.0,7.0,9.2,8.0,29.0,2.0,20.0,120.0,130.0,60.0,72.9112146900524
IND00001,1985-01-28,12:00,22.0,50.0,426.88424616007563,7.85,10.8,23.0,27.2,6.0,30.20231464344039,140.0,170.43483623798076,32.06,64.27930908032515
IND00001,1985-02-26,12:00,21.0,50.0,426.88424616007563,7.9,9.8,8.0,30.97,3.9,30.20231464344039,140.0,170.43483623798076,32.064,64.28781248295881
IND00001,1985-03-29,12:00,23.0,40.0,426.88424616007563,7.9,9.1,9.0,34.3,2.0,30.20231464344039,130.0,170.43483623798076,40.08,63.60654772542985
IND00001,1985-04-16,12:00,24.0,50.0,426.88424616007563,7.9,8.8,7.0,33.8,3.3,30.20231464344039,170.0,170.43483623798076,24.048000000000002,63.62412801338534
IND00001,1985-05-08,12:00,28.5,80.0,426.88424616007563,8.1,8.2,7.0,37.16,2.0,30.20231464344039,150.0,170.43483623798076,24.048000000000002,59.474284169167426
IND00001,1985-06-04,12:00,29.0,50.0,426.88424616007563,8.1,8.3,9.0,33.8,1.6,30.20231464344039,140.0,170.43483623798076,32.064,59.471497796055466
IND00001,1985-07-11,12:00,29.0,36.0,426.88424616007563,8.28,8.3,4.0,34.84,1.1,30.20231464344039,160.0,170.43483623798076,32.064,59.46240117905344
IND00001,1985-09-13,12:00,26.0,41.0,426.88424616007563,8.34,7.8,4.0,32.79,0.7,30.20231464344039,130.0,170.43483623798076,40.08,59.836116780676086
IND00001,1985-11-20,12:00,28.0,36.0,426.88424616007563,8.21,9.7,4.0,28.59,1.2,30.20231464344039,115.0,170.43483623798076,32.06,59.564679954987575
IND00001,1985-12-21,12:00,25.0,35.0,426.88424616007563,8.46,12.1,4.0,30.2,2.0,30.20231464344039,110.0,170.43483623798076,36.071999999999996,56.8687622507037
IND00001,1986-01-29,12:00,22.0,27.0,426.88424616007563,8.22,10.3,4.0,30.14,1.5,30.20231464344039,140.0,170.43483623798076,32.064,61.05367020580436
IND00001,1986-02-19,12:00,20.0,37.0,426.88424616007563,8.13,10.5,4.0,33.78,2.1,30.20231464344039,132.0,170.43483623798076,36.07,61.058458790246554
IND00001,1986-04-08,12:00,25.0,37.0,426.88424616007563,8.22,9.8,4.0,37.17,2.0,30.20231464344039,140.0,170.43483623798076,16.032,60.018220509856356
IND00001,1986-05-07,12:00,27.0,38.0,426.88424616007563,8.39,8.1,4.0,39.82,0.5,30.20231464344039,150.0,170.43483623798076,35.27,59.83220810222832
IND00001,1986-06-10,12:00,29.0,42.0,426.88424616007563,8.5,8.2,4.0,42.07,1.0,30.20231464344039,150.0,170.43483623798076,38.47,55.61375570321243
IND00001,1986-07-08,12:00,29.0,44.0,426.88424616007563,8.51,7.6,4.2,38.45,2.0,30.20231464344039,120.0,170.43483623798076,40.08,55.00913761277437
IND00001,1986-08-07,12:00,22.0,36.0,426.88424616007563,8.33,9.5,4.4,35.96,1.0,30.20231464344039,140.0,170.43483623798076,49.69,60.942299552078865
IND00001,1991-05-07,12:00,26.0,40.0,233.0,7.8,8.2,10.0,46.0,1.8,3.0,160.0,136.0,95.0,71.94173556980677
IND00001,1991-06-12,12:00,26.0,44.0,234.0,7.4,7.7,11.0,54.0,0.8,3.0,160.0,120.0,100.0,73.9870682173119
IND00001,1991-07-04,12:00,28.0,48.0,210.0,7.9,7.1,11.0,45.0,1.6,3.0,160.0,132.0,65.0,71.98014920289457
IND00001,1991-08-08,12:00,26.0,40.0,134.0,7.6,6.1,4.0,30.0,2.4,51.0,96.0,104.0,65.0,67.61318937016728
IND00001,1991-09-07,12:00,26.0,35.0,192.0,7.9,7.2,9.0,33.0,1.6,10.0,108.0,120.0,75.0,69.94527258629131
IND00001,1991-10-08,12:00,25.0,36.0,176.0,8.0,8.1,8.0,32.0,2.3,4.0,116.0,112.0,60.0,69.77813294602791
IND00001,1991-11-16,12:00,23.0,34.0,184.0,8.1,8.3,12.0,36.0,1.0,5.0,124.0,124.0,68.0,68.91029758586663
IND00001,1991-12-07,12:00,21.0,40.0,203.0,7.9,8.3,10.0,31.0,1.8,13.0,120.0,120.0,80.0,70.92666747933038
IND00001,1992-02-05,12:00,19.0,50.0,250.0,7.4,8.7,17.0,37.0,0.4,3.0,132.0,140.0,35.0,75.8846322149413
IND00001,1992-04-08,12:00,24.0,44.0,225.0,8.2,7.9,15.0,40.0,1.2,3.0,120.0,148.0,38.0,69.4735037562243
IND00001,1992-05-16,12:00,27.0,44.0,232.0,8.2,7.2,12.0,36.0,0.7,2.0,144.0,140.0,34.0,68.77357221313353
IND00001,1992-06-11,12:00,29.0,44.0,228.0,8.2,7.8,11.0,40.0,1.4,2.0,164.0,144.0,35.0,68.29933322537386
IND00001,1992-07-10,12:00,29.0,44.0,254.0,8.4,6.8,8.0,45.0,1.4,6.0,132.0,148.0,37.0,66.70451632471656
IND00001,1992-08-05,12:00,29.0,24.0,167.0,8.3,3.6,28.0,27.0,2.5,117.0,88.0,88.0,26.0,57.51590050155204
IND00001,1992-09-09,12:00,26.0,28.0,156.0,8.2,7.6,21.0,23.0,3.1,95.0,96.0,88.0,24.0,58.1391753218909
IND00001,1992-10-12,12:00,27.0,24.0,171.0,8.0,7.3,5.0,35.0,0.9,8.0,128.0,108.0,76.0,68.51356468546376
IND00001,1992-11-12,12:00,25.0,32.0,204.0,8.2,7.3,15.0,38.0,0.8,4.0,136.0,120.0,32.0,69.4612963538318
IND00001,1992-12-09,12:00,22.0,16.0,214.0,8.1,8.4,14.0,38.0,1.3,7.0,140.0,128.0,34.0,69.11392286322955
IND00001,1993-03-10,12:00,22.0,40.0,233.0,8.2,8.5,13.0,41.0,2.4,5.0,148.0,220.0,38.0,68.53024008933478
IND00001,1993-04-08,12:00,26.0,40.0,223.0,8.3,8.3,14.0,39.0,1.5,5.0,148.0,140.0,35.0,67.87252816359081
IND00001,1993-05-05,12:00,26.0,40.0,238.0,7.9,8.2,14.0,39.0,2.2,4.0,156.0,144.0,27.0,71.8034324104997
IND00001,1993-06-15,12:00,30.0,48.0,247.0,8.2,7.2,5.0,40.0,0.9,5.0,140.0,160.0,21.0,65.11726912619744
IND00001,1993-07-06,12:00,27.0,44.0,211.0,7.5,6.7,8.0,44.0,0.7,2.0,164.0,140.0,38.0,74.27680816970715
IND00001,1993-08-17,12:00,30.0,28.0,130.0,7.9,8.1,4.0,40.0,2.4,33.0,96.0,88.0,21.0,65.64819188197697
IND00001,1993-10-08,12:00,29.0,32.0,147.0,8.2,8.5,9.0,27.0,2.3,7.0,140.0,92.0,29.0,68.69327525041295
IND00001,1993-11-11,12:00,26.0,32.0,162.0,8.2,7.7,4.0,30.0,2.6,6.0,136.0,104.0,68.5664188243979,68.52211465840594
IND00001,1993-12-14,12:00,19.0,32.0,169.0,8.1,7.7,6.0,31.0,1.1,5.0,124.0,88.0,30.0,70.20167231341043
IND00001,1995-01-03,12:00,14.0,52.0,232.0,8.3,10.0,10.0,40.0,2.0,11.0,152.0,136.0,34.0,70.19568324228037
IND00001,1995-02-10,12:00,19.0,48.0,242.0,7.9,9.5,21.0,42.0,1.1,8.0,151.0,156.0,37.0,71.81415097506813
IND00001,1995-03-23,12:00,25.0,84.0,284.0,8.2,9.8,17.0,43.0,4.5,6.0,168.0,152.0,26.0,66.72370119409588
IND00001,1995-04-27,12:00,25.0,44.0,256.0,7.6,8.0,10.0,45.0,3.0,7.0,168.0,156.0,37.0,71.89750635608317
IND00001,1995-05-26,12:00,31.0,52.0,263.0,7.8,9.4,17.0,45.0,3.7,4.0,168.0,144.0,22.0,68.72436439308427
IND00001,1995-06-30,12:00,29.0,56.0,260.0,7.7,6.1,19.0,46.0,2.2,10.0,172.0,164.0,19.0,68.60861882772168
IND00001,1995-07-18,12:00,27.0,56.0,263.0,8.2,8.6,18.0,45.0,1.2,5.0,212.0,164.0,35.0,67.03383123937671
IND00001,1995-08-04,12:00,26.0,44.0,216.0,8.1,9.6,10.0,50.0,2.6,7.0,144.0,144.0,34.0,68.07203278641005
IND00001,1995-09-16,12:00,24.0,40.0,224.0,7.8,8.8,14.0,39.0,5.0,9.0,160.0,144.0,38.0,71.33404496426849
IND00001,1995-10-27,12:00,31.0,50.0,202.0,7.8,8.4,17.0,40.0,7.2,6.0,160.0,104.0,34.0,68.7854622818665
IND00001,1995-11-10,12:00,26.0,50.0,240.0,8.1,10.3,10.0,40.0,3.3,2.0,140.0,160.0,44.0,68.79581882293425
IND00001,1996-01-07,12:00,27.0,50.0,212.0,8.3,10.3,14.0,43.0,2.5,7.0,160.0,144.0,30.0,68.07107160222378
IND00001,1996-02-08,12:00,24.0,50.0,226.0,7.8,11.4,15.0,47.0,7.3,9.0,150.0,190.0,64.0,71.19637852534895
IND00001,1996-03-08,12:00,25.0,60.0,260.0,8.3,11.6,13.0,45.0,3.8,6.0,120.0,170.0,56.0,67.12079270187577
IND00001,1996-04-12,12:00,25.0,60.0,416.0,8.2,9.0,10.0,48.0,2.9,7.0,150.0,180.0,56.0,64.28201956559104
IND00001,1996-05-15,12:00,30.0,56.0,278.0,8.2,9.4,11.0,50.0,3.9,8.0,160.0,170.0,60.0,63.982747668701414
IND00001,1996-06-07,12:00,26.0,70.0,318.0,8.4,8.8,12.0,51.0,3.6,6.0,20.0,190.0,68.0,66.03209663257813
IND00001,1996-07-04,12:00,2.0,70.0,280.0,8.3,8.5,8.0,48.0,1.7,31.0,130.0,170.0,40.0,72.73940568942744
IND00001,1996-08-06,12:00,25.0,50.0,234.0,7.6,6.0,27.0,39.0,1.3,12.0,140.0,140.0,37.0,70.81695788708862
IND00001,1996-09-04,12:00,30.0,50.0,166.0,8.6,9.3,18.0,33.0,2.0,3.0,140.0,160.0,56.0,63.378124791882854
IND00001,1996-10-22,12:00,26.0,60.0,264.0,8.2,7.8,16.0,36.0,2.9,5.0,140.0,140.0,52.0,67.03805157474478
IND00001,1996-11-04,12:00,24.0,50.0,196.0,7.8,9.4,10.0,41.0,2.0,3.0,130.0,140.0,40.0,73.21479794641331
IND00001,1996-12-09,12:00,25.0,60.0,278.0,7.2,9.1,21.0,39.0,2.5,8.0,140.0,200.0,64.0,71.97163623213596
IND00001,1997-01-07,12:00,18.0,50.0,344.0,8.7,9.4,10.0,39.0,1.5,3.0,140.0,160.0,60.0,65.14248463875762
IND00001,1997-03-10,12:00,25.0,60.0,250.0,8.3,10.2,8.0,44.0,3.4,2.0,160.0,150.0,44.0,68.78065479863196
IND00001,1997-04-04,12:00,27.0,60.0,232.0,8.4,9.3,14.0,43.0,5.5,6.0,160.0,170.0,52.0,67.48792099349845
IND00001,1997-05-05,12:00,29.0,60.0,260.0,8.3,11.8,12.0,45.0,4.4,4.0,150.0,170.0,52.0,68.03008843715492
IND00001,1997-06-04,12:00,27.0,60.0,276.0,8.0,9.2,21.0,47.0,2.9,9.0,190.0,220.0,72.0,67.04159139826689
IND00001,1997-07-04,12:00,29.0,60.0,200.0,8.5,9.7,10.0,34.0,3.5,7.0,140.0,130.0,40.0,63.494917731229734
IND00001,1997-08-07,12:00,29.0,40.0,150.0,7.9,5.3,32.0,32.0,2.0,4.0,130.0,130.0,36.0,73.14851837322178
IND00001,1997-09-05,12:00,29.0,30.0,162.0,8.4,8.3,29.0,22.0,2.1,2.0,90.0,220.0,68.0,69.45228447315304
IND00001,1997-10-06,12:00,29.0,40.0,228.0,8.4,6.3,5.0,27.0,3.2,5.0,130.0,140.0,28.0,67.08413727748962
IND00001,1997-11-04,12:00,28.0,40.0,166.0,8.1,9.7,37.0,29.0,5.2,8.0,130.0,160.0,24.0,68.17998144206672
IND00001,1997-12-02,12:00,28.0,80.0,172.0,8.6,9.6,15.0,30.0,2.1,5.0,180.0,170.0,28.0,63.83013887099154
IND00001,1998-01-06,12:00,27.0,60.0,256.0,8.0,10.0,16.0,400.0,2.0,10.0,130.0,150.0,110.0,66.14063958780802
IND00001,1998-02-03,12:00,24.0,40.0,162.0,9.0,12.0,15.0,333.0,3.0,1.0,140.0,140.0,100.0,60.61880126142699
IND00001,1998-03-03,12:00,25.0,40.0,178.0,9.0,10.0,28.0,345.0,3.0,1.0,130.0,150.0,80.0,59.9491615611659
IND00001,1998-04-01,12:00,27.0,40.0,192.0,8.0,8.0,7.0,363.0,1.0,0.0,160.0,200.0,90.0,69.54417038418546
IND00001,1998-05-04,12:00,29.0,40.0,204.0,9.0,8.0,35.0,381.0,2.0,1.0,130.0,160.0,90.0,58.83644862334826
IND00001,1998-06-02,12:00,32.0,50.0,400.0,8.0,7.0,13.0,393.0,2.0,1.0,170.0,180.0,110.0,63.189377373260136
IND00001,1998-07-01,12:00,29.0,70.0,210.0,8.0,7.0,21.0,396.0,7.0,10.0,150.0,190.0,100.0,66.5645386803879
IND00001,1998-08-03,12:00,28.0,40.0,184.0,8.0,6.0,16.0,342.0,5.0,1.0,140.0,170.0,100.0,69.17158183776176
IND00001,1998-09-02,12:00,30.0,40.0,192.0,8.0,7.0,24.0,291.0,3.0,1.0,120.0,210.0,100.0,67.32170120427857
IND00001,1998-10-06,12:00,29.0,40.0,170.0,9.0,6.0,16.0,286.0,1.0,3.0,140.0,180.0,70.0,59.727446250978815
IND00001,1998-11-05,12:00,29.0,50.0,180.0,8.0,7.0,13.0,335.0,2.0,2.0,200.0,230.0,170.0,69.4133145940658
IND00001,1999-01-04,12:00,25.0,50.0,160.0,8.5,8.9,23.0,359.0,2.2,3.0,130.0,100.0,90.0,66.21628365647452
IND00001,1999-02-03,12:00,25.0,50.0,202.0,8.5,8.6,17.0,382.0,2.9,6.0,190.0,140.0,100.0,64.11496719746647
IND00001,1999-03-03,12:00,27.0,60.0,214.0,8.7,9.1,17.0,379.0,2.3,2.0,170.0,150.0,100.0,65.09091748367797
IND00001,1999-04-05,12:00,29.0,50.0,234.0,8.1,8.8,8.0,412.0,2.4,4.0,160.0,160.0,90.0,68.30231775305889
IND00001,1999-05-01,12:00,31.0,60.0,250.0,7.8,9.7,19.0,421.0,5.2,1.0,160.0,190.0,140.0,69.2694531625611
IND00001,1999-06-07,12:00,28.0,70.0,262.0,8.0,8.5,8.0,442.0,0.8,3.0,170.0,220.0,120.0,67.99435301985842
IND00001,1979-11-21,12:00,33.0,70.0,426.88424616007563,8.25,8.2,20.0,37.2,1.5,30.20231464344039,240.0,170.43483623798076,32.0,57.4629918123058
IND00001,1980-10-01,12:00,30.0,40.0,0.0,8.5,9.2,8.0,519.2812302912621,3.0,21.0,120.0,90.0,70.0,60.32966168789218
IND00001,1995-12-05,12:00,24.0,60.0,214.0,8.2,9.1,12.0,41.0,2.1,8.0,150.0,132.0,35.0,68.54921981122727
IND00001,1997-02-05,12:00,21.0,80.0,248.0,8.3,9.7,6.0,40.0,5.4,4.0,180.0,190.0,28.0,69.78003211284232
IND00001,1998-12-02,12:00,25.0,40.0,128.0,8.0,9.0,14.0,346.0,2.0,3.0,140.0,160.0,80.0,70.34888454388548
IND00001,1989-07-12,12:00,27.0,25.0,166.0,8.3,7.5,13.0,27.0,0.5,17.0,120.0,120.0,80.0,66.66581741359367
IND00001,1990-03-14,12:00,23.0,28.0,172.0,8.3,9.2,6.0,31.0,1.9,5.0,128.0,180.0,108.0,69.20818415708631
IND00001,1990-11-14,12:00,24.0,44.0,214.0,8.1,7.8,11.0,36.0,1.3,1.0,150.0,132.0,80.0,69.89014619893288
IND00001,1991-02-14,12:00,18.0,42.0,226.0,8.4,9.1,2.0,35.0,1.1,2.0,130.0,146.0,85.0,71.47989055019511
IND00001,1983-01-01,12:00,28.0,30.0,0.0,8.2,12.0,4.0,33.0,3.0,10.0,200.0,160.0,80.0,68.24352535168379
IND00001,1984-10-01,12:00,29.5,30.0,0.0,8.5,8.2,30.0,25.0,1.6,10.0,110.0,100.0,70.0,63.96914790152823
IND00001,1985-08-09,12:00,29.0,26.0,426.88424616007563,8.03,7.5,9.0,27.2,0.4,30.20231464344039,112.0,170.43483623798076,32.064,59.46208952213313
IND00001,1985-10-21,12:00,31.0,37.0,426.88424616007563,8.49,11.8,11.0,27.2,5.5,30.20231464344039,100.0,170.43483623798076,24.048000000000002,54.49021718483178
IND00001,1986-03-07,12:00,22.0,36.0,426.88424616007563,8.44,9.8,4.0,37.8,1.7,30.20231464344039,140.0,170.43483623798076,28.055999999999997,57.84599395752717
IND00001,1992-01-07,12:00,20.0,36.0,199.0,8.1,8.0,6.0,33.0,3.7,5.0,132.0,116.0,88.0,69.40123568951557
IND00001,1992-03-07,12:00,23.0,48.0,231.0,8.2,8.7,5.0,36.0,2.6,3.0,160.0,140.0,35.0,69.31114279210931
IND00001,1993-09-10,12:00,29.0,32.0,128.0,7.9,8.4,4.0,26.0,2.1,9.0,160.0,100.0,32.0,72.0315691357021
IND00001,1999-10-05,12:00,31.0,60.0,218.0,8.7,8.9,16.0,385.0,2.3,2.0,140.0,110.0,80.0,62.252237454819635
IND00001,2005-05-04,10:40,30.0,206.43165958625787,426.88424616007563,8.04,6.0,29.332920573634862,413.0,6.0,30.20231464344039,145.1398880597015,170.43483623798076,68.5664188243979,57.565373777186956
IND00001,2005-11-05,10:30,30.0,206.43165958625787,426.88424616007563,7.47,7.6,29.332920573634862,234.0,3.4,30.20231464344039,145.1398880597015,170.43483623798076,68.5664188243979,62.45294609252087
IND00001,2005-12-03,11:15,28.0,206.43165958625787,426.88424616007563,7.98,11.5,29.332920573634862,217.0,6.5,30.20231464344039,145.1398880597015,170.43483623798076,68.5664188243979,59.96566518069262
IND00001,2006-06-06,12:00,30.0,206.43165958625787,426.88424616007563,8.14,7.1,29.332920573634862,509.0,2.4,30.20231464344039,145.1398880597015,170.43483623798076,68.5664188243979,57.53131898222161
IND00001,1984-08-01,12:00,28.5,30.0,0.0,7.2,8.3,4.0,29.0,2.5,14.0,120.0,40.0,68.5664188243979,73.6032696519523
IND00001,2005-08-04,11:50,28.0,206.43165958625787,426.88424616007563,6.66,6.0,29.332920573634862,260.0,0.3,30.20231464344039,145.1398880597015,170.43483623798076,68.5664188243979,64.32909150259509
IND00001,2006-04-01,12:00,29.0,206.43165958625787,426.88424616007563,8.3,8.4,29.332920573634862,335.0,3.8,30.20231464344039,145.1398880597015,170.43483623798076,68.5664188243979,59.53985249464401
